row_id,frequency_Hz,angle_deg,chord_m,velocity_m_s,displacement_m,scaled_SPL_dB,group_id
1,800,0,0.30480000000000002,71.299999999999997,0.00266337,126.20099999999999,G024
2,1000,0,0.30480000000000002,71.299999999999997,0.00266337,125.20099999999999,G024
3,1250,0,0.30480000000000002,71.299999999999997,0.00266337,125.95099999999999,G024
4,1600,0,0.30480000000000002,71.299999999999997,0.00266337,127.59099999999999,G024
5,2000,0,0.30480000000000002,71.299999999999997,0.00266337,127.461,G024
6,2500,0,0.30480000000000002,71.299999999999997,0.00266337,125.571,G024
7,3150,0,0.30480000000000002,71.299999999999997,0.00266337,125.20099999999999,G024
8,4000,0,0.30480000000000002,71.299999999999997,0.00266337,123.06100000000001,G024
9,5000,0,0.30480000000000002,71.299999999999997,0.00266337,121.301,G024
10,6300,0,0.30480000000000002,71.299999999999997,0.00266337,119.541,G024
11,8000,0,0.30480000000000002,71.299999999999997,0.00266337,117.151,G024
12,10000,0,0.30480000000000002,71.299999999999997,0.00266337,115.39100000000001,G024
13,12500,0,0.30480000000000002,71.299999999999997,0.00266337,112.241,G024
14,16000,0,0.30480000000000002,71.299999999999997,0.00266337,108.721,G024
15,500,0,0.30480000000000002,55.5,0.00283081,126.416,G023
16,630,0,0.30480000000000002,55.5,0.00283081,127.696,G023
17,800,0,0.30480000000000002,55.5,0.00283081,128.08600000000001,G023
18,1000,0,0.30480000000000002,55.5,0.00283081,126.96599999999999,G023
19,1250,0,0.30480000000000002,55.5,0.00283081,126.086,G023
20,1600,0,0.30480000000000002,55.5,0.00283081,126.986,G023
21,2000,0,0.30480000000000002,55.5,0.00283081,126.616,G023
22,2500,0,0.30480000000000002,55.5,0.00283081,124.10599999999999,G023
23,3150,0,0.30480000000000002,55.5,0.00283081,123.236,G023
24,4000,0,0.30480000000000002,55.5,0.00283081,121.10599999999999,G023
25,5000,0,0.30480000000000002,55.5,0.00283081,119.60599999999999,G023
26,6300,0,0.30480000000000002,55.5,0.00283081,117.976,G023
27,8000,0,0.30480000000000002,55.5,0.00283081,116.476,G023
28,10000,0,0.30480000000000002,55.5,0.00283081,113.07599999999999,G023
29,12500,0,0.30480000000000002,55.5,0.00283081,111.07599999999999,G023
30,200,0,0.30480000000000002,39.600000000000001,0.0031013799999999999,118.129,G022
31,250,0,0.30480000000000002,39.600000000000001,0.0031013799999999999,119.319,G022
32,315,0,0.30480000000000002,39.600000000000001,0.0031013799999999999,122.779,G022
33,400,0,0.30480000000000002,39.600000000000001,0.0031013799999999999,124.809,G022
34,500,0,0.30480000000000002,39.600000000000001,0.0031013799999999999,126.959,G022
35,630,0,0.30480000000000002,39.600000000000001,0.0031013799999999999,128.62899999999999,G022
36,800,0,0.30480000000000002,39.600000000000001,0.0031013799999999999,129.09899999999999,G022
37,1000,0,0.30480000000000002,39.600000000000001,0.0031013799999999999,127.899,G022
38,1250,0,0.30480000000000002,39.600000000000001,0.0031013799999999999,125.499,G022
39,1600,0,0.30480000000000002,39.600000000000001,0.0031013799999999999,124.04900000000001,G022
40,2000,0,0.30480000000000002,39.600000000000001,0.0031013799999999999,123.68899999999999,G022
41,2500,0,0.30480000000000002,39.600000000000001,0.0031013799999999999,121.399,G022
42,3150,0,0.30480000000000002,39.600000000000001,0.0031013799999999999,120.319,G022
43,4000,0,0.30480000000000002,39.600000000000001,0.0031013799999999999,119.229,G022
44,5000,0,0.30480000000000002,39.600000000000001,0.0031013799999999999,117.789,G022
45,6300,0,0.30480000000000002,39.600000000000001,0.0031013799999999999,116.229,G022
46,8000,0,0.30480000000000002,39.600000000000001,0.0031013799999999999,114.779,G022
47,10000,0,0.30480000000000002,39.600000000000001,0.0031013799999999999,112.139,G022
48,12500,0,0.30480000000000002,39.600000000000001,0.0031013799999999999,109.619,G022
49,200,0,0.30480000000000002,31.699999999999999,0.0033126599999999998,117.19499999999999,G021
50,250,0,0.30480000000000002,31.699999999999999,0.0033126599999999998,118.595,G021
51,315,0,0.30480000000000002,31.699999999999999,0.0033126599999999998,122.765,G021
52,400,0,0.30480000000000002,31.699999999999999,0.0033126599999999998,125.045,G021
53,500,0,0.30480000000000002,31.699999999999999,0.0033126599999999998,127.315,G021
54,630,0,0.30480000000000002,31.699999999999999,0.0033126599999999998,129.095,G021
55,800,0,0.30480000000000002,31.699999999999999,0.0033126599999999998,129.23500000000001,G021
56,1000,0,0.30480000000000002,31.699999999999999,0.0033126599999999998,127.36499999999999,G021
57,1250,0,0.30480000000000002,31.699999999999999,0.0033126599999999998,124.355,G021
58,1600,0,0.30480000000000002,31.699999999999999,0.0033126599999999998,122.36499999999999,G021
59,2000,0,0.30480000000000002,31.699999999999999,0.0033126599999999998,122.375,G021
60,2500,0,0.30480000000000002,31.699999999999999,0.0033126599999999998,120.755,G021
61,3150,0,0.30480000000000002,31.699999999999999,0.0033126599999999998,119.13500000000001,G021
62,4000,0,0.30480000000000002,31.699999999999999,0.0033126599999999998,118.145,G021
63,5000,0,0.30480000000000002,31.699999999999999,0.0033126599999999998,115.645,G021
64,6300,0,0.30480000000000002,31.699999999999999,0.0033126599999999998,113.77500000000001,G021
65,8000,0,0.30480000000000002,31.699999999999999,0.0033126599999999998,110.515,G021
66,10000,0,0.30480000000000002,31.699999999999999,0.0033126599999999998,108.265,G021
67,800,1.5,0.30480000000000002,71.299999999999997,0.0033672900000000002,127.122,G026
68,1000,1.5,0.30480000000000002,71.299999999999997,0.0033672900000000002,125.992,G026
69,1250,1.5,0.30480000000000002,71.299999999999997,0.0033672900000000002,125.872,G026
70,1600,1.5,0.30480000000000002,71.299999999999997,0.0033672900000000002,126.63200000000001,G026
71,2000,1.5,0.30480000000000002,71.299999999999997,0.0033672900000000002,126.642,G026
72,2500,1.5,0.30480000000000002,71.299999999999997,0.0033672900000000002,124.512,G026
73,3150,1.5,0.30480000000000002,71.299999999999997,0.0033672900000000002,123.392,G026
74,4000,1.5,0.30480000000000002,71.299999999999997,0.0033672900000000002,121.762,G026
75,5000,1.5,0.30480000000000002,71.299999999999997,0.0033672900000000002,119.63200000000001,G026
76,6300,1.5,0.30480000000000002,71.299999999999997,0.0033672900000000002,118.122,G026
77,8000,1.5,0.30480000000000002,71.299999999999997,0.0033672900000000002,115.372,G026
78,10000,1.5,0.30480000000000002,71.299999999999997,0.0033672900000000002,113.492,G026
79,12500,1.5,0.30480000000000002,71.299999999999997,0.0033672900000000002,109.22199999999999,G026
80,16000,1.5,0.30480000000000002,71.299999999999997,0.0033672900000000002,106.58199999999999,G026
81,315,1.5,0.30480000000000002,39.600000000000001,0.0039210699999999996,121.851,G025
82,400,1.5,0.30480000000000002,39.600000000000001,0.0039210699999999996,124.001,G025
83,500,1.5,0.30480000000000002,39.600000000000001,0.0039210699999999996,126.661,G025
84,630,1.5,0.30480000000000002,39.600000000000001,0.0039210699999999996,128.31100000000001,G025
85,800,1.5,0.30480000000000002,39.600000000000001,0.0039210699999999996,128.83099999999999,G025
86,1000,1.5,0.30480000000000002,39.600000000000001,0.0039210699999999996,127.581,G025
87,1250,1.5,0.30480000000000002,39.600000000000001,0.0039210699999999996,125.211,G025
88,1600,1.5,0.30480000000000002,39.600000000000001,0.0039210699999999996,122.211,G025
89,2000,1.5,0.30480000000000002,39.600000000000001,0.0039210699999999996,122.101,G025
90,2500,1.5,0.30480000000000002,39.600000000000001,0.0039210699999999996,120.98099999999999,G025
91,3150,1.5,0.30480000000000002,39.600000000000001,0.0039210699999999996,119.111,G025
92,4000,1.5,0.30480000000000002,39.600000000000001,0.0039210699999999996,117.741,G025
93,5000,1.5,0.30480000000000002,39.600000000000001,0.0039210699999999996,116.241,G025
94,6300,1.5,0.30480000000000002,39.600000000000001,0.0039210699999999996,114.751,G025
95,8000,1.5,0.30480000000000002,39.600000000000001,0.0039210699999999996,112.251,G025
96,10000,1.5,0.30480000000000002,39.600000000000001,0.0039210699999999996,108.991,G025
97,12500,1.5,0.30480000000000002,39.600000000000001,0.0039210699999999996,106.111,G025
98,400,3,0.30480000000000002,71.299999999999997,0.0042572699999999996,127.56399999999999,G036
99,500,3,0.30480000000000002,71.299999999999997,0.0042572699999999996,128.45400000000001,G036
100,630,3,0.30480000000000002,71.299999999999997,0.0042572699999999996,129.35400000000001,G036
101,800,3,0.30480000000000002,71.299999999999997,0.0042572699999999996,129.494,G036
102,1000,3,0.30480000000000002,71.299999999999997,0.0042572699999999996,129.00399999999999,G036
103,1250,3,0.30480000000000002,71.299999999999997,0.0042572699999999996,127.634,G036
104,1600,3,0.30480000000000002,71.299999999999997,0.0042572699999999996,126.514,G036
105,2000,3,0.30480000000000002,71.299999999999997,0.0042572699999999996,125.524,G036
106,2500,3,0.30480000000000002,71.299999999999997,0.0042572699999999996,124.024,G036
107,3150,3,0.30480000000000002,71.299999999999997,0.0042572699999999996,121.514,G036
108,4000,3,0.30480000000000002,71.299999999999997,0.0042572699999999996,120.264,G036
109,5000,3,0.30480000000000002,71.299999999999997,0.0042572699999999996,118.134,G036
110,6300,3,0.30480000000000002,71.299999999999997,0.0042572699999999996,116.134,G036
111,8000,3,0.30480000000000002,71.299999999999997,0.0042572699999999996,114.634,G036
112,10000,3,0.30480000000000002,71.299999999999997,0.0042572699999999996,110.224,G036
113,400,3,0.30480000000000002,55.5,0.00452492,126.15900000000001,G035
114,500,3,0.30480000000000002,55.5,0.00452492,128.179,G035
115,630,3,0.30480000000000002,55.5,0.00452492,129.56899999999999,G035
116,800,3,0.30480000000000002,55.5,0.00452492,129.94900000000001,G035
117,1000,3,0.30480000000000002,55.5,0.00452492,129.32900000000001,G035
118,1250,3,0.30480000000000002,55.5,0.00452492,127.32899999999999,G035
119,1600,3,0.30480000000000002,55.5,0.00452492,124.43899999999999,G035
120,2000,3,0.30480000000000002,55.5,0.00452492,123.069,G035
121,2500,3,0.30480000000000002,55.5,0.00452492,122.43899999999999,G035
122,3150,3,0.30480000000000002,55.5,0.00452492,120.18899999999999,G035
123,4000,3,0.30480000000000002,55.5,0.00452492,118.68899999999999,G035
124,5000,3,0.30480000000000002,55.5,0.00452492,117.309,G035
125,6300,3,0.30480000000000002,55.5,0.00452492,115.679,G035
126,8000,3,0.30480000000000002,55.5,0.00452492,113.79900000000001,G035
127,10000,3,0.30480000000000002,55.5,0.00452492,112.169,G035
128,315,3,0.30480000000000002,39.600000000000001,0.0049574099999999998,123.312,G034
129,400,3,0.30480000000000002,39.600000000000001,0.0049574099999999998,125.47199999999999,G034
130,500,3,0.30480000000000002,39.600000000000001,0.0049574099999999998,127.63200000000001,G034
131,630,3,0.30480000000000002,39.600000000000001,0.0049574099999999998,129.292,G034
132,800,3,0.30480000000000002,39.600000000000001,0.0049574099999999998,129.55199999999999,G034
133,1000,3,0.30480000000000002,39.600000000000001,0.0049574099999999998,128.31200000000001,G034
134,1250,3,0.30480000000000002,39.600000000000001,0.0049574099999999998,125.80200000000001,G034
135,1600,3,0.30480000000000002,39.600000000000001,0.0049574099999999998,122.782,G034
136,2000,3,0.30480000000000002,39.600000000000001,0.0049574099999999998,120.532,G034
137,2500,3,0.30480000000000002,39.600000000000001,0.0049574099999999998,120.16200000000001,G034
138,3150,3,0.30480000000000002,39.600000000000001,0.0049574099999999998,118.922,G034
139,4000,3,0.30480000000000002,39.600000000000001,0.0049574099999999998,116.792,G034
140,5000,3,0.30480000000000002,39.600000000000001,0.0049574099999999998,115.792,G034
141,6300,3,0.30480000000000002,39.600000000000001,0.0049574099999999998,114.042,G034
142,8000,3,0.30480000000000002,39.600000000000001,0.0049574099999999998,110.652,G034
143,315,3,0.30480000000000002,31.699999999999999,0.0052951400000000003,123.11799999999999,G033
144,400,3,0.30480000000000002,31.699999999999999,0.0052951400000000003,125.398,G033
145,500,3,0.30480000000000002,31.699999999999999,0.0052951400000000003,127.548,G033
146,630,3,0.30480000000000002,31.699999999999999,0.0052951400000000003,128.69800000000001,G033
147,800,3,0.30480000000000002,31.699999999999999,0.0052951400000000003,128.708,G033
148,1000,3,0.30480000000000002,31.699999999999999,0.0052951400000000003,126.83799999999999,G033
149,1250,3,0.30480000000000002,31.699999999999999,0.0052951400000000003,124.83799999999999,G033
150,1600,3,0.30480000000000002,31.699999999999999,0.0052951400000000003,122.08799999999999,G033
151,2000,3,0.30480000000000002,31.699999999999999,0.0052951400000000003,120.08799999999999,G033
152,2500,3,0.30480000000000002,31.699999999999999,0.0052951400000000003,119.598,G033
153,3150,3,0.30480000000000002,31.699999999999999,0.0052951400000000003,118.108,G033
154,4000,3,0.30480000000000002,31.699999999999999,0.0052951400000000003,115.608,G033
155,5000,3,0.30480000000000002,31.699999999999999,0.0052951400000000003,113.858,G033
156,6300,3,0.30480000000000002,31.699999999999999,0.0052951400000000003,109.718,G033
157,250,4,0.30480000000000002,71.299999999999997,0.0049777299999999997,126.395,G046
158,315,4,0.30480000000000002,71.299999999999997,0.0049777299999999997,128.17500000000001,G046
159,400,4,0.30480000000000002,71.299999999999997,0.0049777299999999997,129.57499999999999,G046
160,500,4,0.30480000000000002,71.299999999999997,0.0049777299999999997,130.715,G046
161,630,4,0.30480000000000002,71.299999999999997,0.0049777299999999997,131.61500000000001,G046
162,800,4,0.30480000000000002,71.299999999999997,0.0049777299999999997,131.755,G046
163,1000,4,0.30480000000000002,71.299999999999997,0.0049777299999999997,131.01499999999999,G046
164,1250,4,0.30480000000000002,71.299999999999997,0.0049777299999999997,129.39500000000001,G046
165,1600,4,0.30480000000000002,71.299999999999997,0.0049777299999999997,126.645,G046
166,2000,4,0.30480000000000002,71.299999999999997,0.0049777299999999997,124.395,G046
167,2500,4,0.30480000000000002,71.299999999999997,0.0049777299999999997,123.77500000000001,G046
168,3150,4,0.30480000000000002,71.299999999999997,0.0049777299999999997,121.77500000000001,G046
169,4000,4,0.30480000000000002,71.299999999999997,0.0049777299999999997,119.535,G046
170,5000,4,0.30480000000000002,71.299999999999997,0.0049777299999999997,117.785,G046
171,6300,4,0.30480000000000002,71.299999999999997,0.0049777299999999997,116.16500000000001,G046
172,8000,4,0.30480000000000002,71.299999999999997,0.0049777299999999997,113.66500000000001,G046
173,10000,4,0.30480000000000002,71.299999999999997,0.0049777299999999997,110.905,G046
174,12500,4,0.30480000000000002,71.299999999999997,0.0049777299999999997,107.405,G046
175,250,4,0.30480000000000002,39.600000000000001,0.0057963600000000004,123.54300000000001,G045
176,315,4,0.30480000000000002,39.600000000000001,0.0057963600000000004,126.843,G045
177,400,4,0.30480000000000002,39.600000000000001,0.0057963600000000004,128.63300000000001,G045
178,500,4,0.30480000000000002,39.600000000000001,0.0057963600000000004,130.173,G045
179,630,4,0.30480000000000002,39.600000000000001,0.0057963600000000004,131.07300000000001,G045
180,800,4,0.30480000000000002,39.600000000000001,0.0057963600000000004,130.72300000000001,G045
181,1000,4,0.30480000000000002,39.600000000000001,0.0057963600000000004,128.72300000000001,G045
182,1250,4,0.30480000000000002,39.600000000000001,0.0057963600000000004,126.343,G045
183,1600,4,0.30480000000000002,39.600000000000001,0.0057963600000000004,123.21299999999999,G045
184,2000,4,0.30480000000000002,39.600000000000001,0.0057963600000000004,120.96299999999999,G045
185,2500,4,0.30480000000000002,39.600000000000001,0.0057963600000000004,120.233,G045
186,3150,4,0.30480000000000002,39.600000000000001,0.0057963600000000004,118.74299999999999,G045
187,4000,4,0.30480000000000002,39.600000000000001,0.0057963600000000004,115.863,G045
188,5000,4,0.30480000000000002,39.600000000000001,0.0057963600000000004,113.733,G045
189,1250,0,0.2286,71.299999999999997,0.0021434499999999999,128.14400000000001,G020
190,1600,0,0.2286,71.299999999999997,0.0021434499999999999,129.13399999999999,G020
191,2000,0,0.2286,71.299999999999997,0.0021434499999999999,128.244,G020
192,2500,0,0.2286,71.299999999999997,0.0021434499999999999,128.35400000000001,G020
193,3150,0,0.2286,71.299999999999997,0.0021434499999999999,127.834,G020
194,4000,0,0.2286,71.299999999999997,0.0021434499999999999,125.824,G020
195,5000,0,0.2286,71.299999999999997,0.0021434499999999999,124.304,G020
196,6300,0,0.2286,71.299999999999997,0.0021434499999999999,122.044,G020
197,8000,0,0.2286,71.299999999999997,0.0021434499999999999,118.024,G020
198,10000,0,0.2286,71.299999999999997,0.0021434499999999999,118.134,G020
199,12500,0,0.2286,71.299999999999997,0.0021434499999999999,117.624,G020
200,16000,0,0.2286,71.299999999999997,0.0021434499999999999,114.98399999999999,G020
201,20000,0,0.2286,71.299999999999997,0.0021434499999999999,114.474,G020
202,315,0,0.2286,55.5,0.0022933599999999999,119.54000000000001,G019
203,400,0,0.2286,55.5,0.0022933599999999999,121.66,G019
204,500,0,0.2286,55.5,0.0022933599999999999,123.78,G019
205,630,0,0.2286,55.5,0.0022933599999999999,126.16,G019
206,800,0,0.2286,55.5,0.0022933599999999999,127.53,G019
207,1000,0,0.2286,55.5,0.0022933599999999999,128.28999999999999,G019
208,1250,0,0.2286,55.5,0.0022933599999999999,127.91,G019
209,1600,0,0.2286,55.5,0.0022933599999999999,126.79000000000001,G019
210,2000,0,0.2286,55.5,0.0022933599999999999,126.54000000000001,G019
211,2500,0,0.2286,55.5,0.0022933599999999999,126.54000000000001,G019
212,3150,0,0.2286,55.5,0.0022933599999999999,125.16,G019
213,4000,0,0.2286,55.5,0.0022933599999999999,123.41,G019
214,5000,0,0.2286,55.5,0.0022933599999999999,122.41,G019
215,6300,0,0.2286,55.5,0.0022933599999999999,118.41,G019
216,315,0,0.2286,39.600000000000001,0.0025351100000000001,121.05500000000001,G018
217,400,0,0.2286,39.600000000000001,0.0025351100000000001,123.565,G018
218,500,0,0.2286,39.600000000000001,0.0025351100000000001,126.19499999999999,G018
219,630,0,0.2286,39.600000000000001,0.0025351100000000001,128.70500000000001,G018
220,800,0,0.2286,39.600000000000001,0.0025351100000000001,130.20500000000001,G018
221,1000,0,0.2286,39.600000000000001,0.0025351100000000001,130.435,G018
222,1250,0,0.2286,39.600000000000001,0.0025351100000000001,129.39500000000001,G018
223,1600,0,0.2286,39.600000000000001,0.0025351100000000001,127.095,G018
224,2000,0,0.2286,39.600000000000001,0.0025351100000000001,125.30500000000001,G018
225,2500,0,0.2286,39.600000000000001,0.0025351100000000001,125.02500000000001,G018
226,3150,0,0.2286,39.600000000000001,0.0025351100000000001,124.625,G018
227,4000,0,0.2286,39.600000000000001,0.0025351100000000001,123.465,G018
228,5000,0,0.2286,39.600000000000001,0.0025351100000000001,122.175,G018
229,6300,0,0.2286,39.600000000000001,0.0025351100000000001,117.465,G018
230,315,0,0.2286,31.699999999999999,0.0027238000000000002,120.595,G017
231,400,0,0.2286,31.699999999999999,0.0027238000000000002,123.63500000000001,G017
232,500,0,0.2286,31.699999999999999,0.0027238000000000002,126.675,G017
233,630,0,0.2286,31.699999999999999,0.0027238000000000002,129.465,G017
234,800,0,0.2286,31.699999999999999,0.0027238000000000002,130.72499999999999,G017
235,1000,0,0.2286,31.699999999999999,0.0027238000000000002,130.595,G017
236,1250,0,0.2286,31.699999999999999,0.0027238000000000002,128.80500000000001,G017
237,1600,0,0.2286,31.699999999999999,0.0027238000000000002,125.625,G017
238,2000,0,0.2286,31.699999999999999,0.0027238000000000002,123.455,G017
239,2500,0,0.2286,31.699999999999999,0.0027238000000000002,123.44499999999999,G017
240,3150,0,0.2286,31.699999999999999,0.0027238000000000002,123.44499999999999,G017
241,4000,0,0.2286,31.699999999999999,0.0027238000000000002,122.035,G017
242,5000,0,0.2286,31.699999999999999,0.0027238000000000002,120.505,G017
243,6300,0,0.2286,31.699999999999999,0.0027238000000000002,116.815,G017
244,400,2,0.2286,71.299999999999997,0.0029303100000000002,125.116,G030
245,500,2,0.2286,71.299999999999997,0.0029303100000000002,126.486,G030
246,630,2,0.2286,71.299999999999997,0.0029303100000000002,127.35599999999999,G030
247,800,2,0.2286,71.299999999999997,0.0029303100000000002,128.21600000000001,G030
248,1000,2,0.2286,71.299999999999997,0.0029303100000000002,128.95599999999999,G030
249,1250,2,0.2286,71.299999999999997,0.0029303100000000002,128.816,G030
250,1600,2,0.2286,71.299999999999997,0.0029303100000000002,127.79600000000001,G030
251,2000,2,0.2286,71.299999999999997,0.0029303100000000002,126.896,G030
252,2500,2,0.2286,71.299999999999997,0.0029303100000000002,127.006,G030
253,3150,2,0.2286,71.299999999999997,0.0029303100000000002,126.116,G030
254,4000,2,0.2286,71.299999999999997,0.0029303100000000002,124.086,G030
255,5000,2,0.2286,71.299999999999997,0.0029303100000000002,122.816,G030
256,6300,2,0.2286,71.299999999999997,0.0029303100000000002,120.786,G030
257,8000,2,0.2286,71.299999999999997,0.0029303100000000002,115.996,G030
258,10000,2,0.2286,71.299999999999997,0.0029303100000000002,113.086,G030
259,400,2,0.2286,55.5,0.00313525,122.292,G029
260,500,2,0.2286,55.5,0.00313525,124.69199999999999,G029
261,630,2,0.2286,55.5,0.00313525,126.842,G029
262,800,2,0.2286,55.5,0.00313525,128.49199999999999,G029
263,1000,2,0.2286,55.5,0.00313525,129.00200000000001,G029
264,1250,2,0.2286,55.5,0.00313525,128.762,G029
265,1600,2,0.2286,55.5,0.00313525,126.752,G029
266,2000,2,0.2286,55.5,0.00313525,124.61199999999999,G029
267,2500,2,0.2286,55.5,0.00313525,123.86199999999999,G029
268,3150,2,0.2286,55.5,0.00313525,123.742,G029
269,4000,2,0.2286,55.5,0.00313525,122.232,G029
270,5000,2,0.2286,55.5,0.00313525,120.47199999999999,G029
271,6300,2,0.2286,55.5,0.00313525,118.712,G029
272,315,2,0.2286,39.600000000000001,0.0034657400000000001,120.137,G028
273,400,2,0.2286,39.600000000000001,0.0034657400000000001,122.14700000000001,G028
274,500,2,0.2286,39.600000000000001,0.0034657400000000001,125.157,G028
275,630,2,0.2286,39.600000000000001,0.0034657400000000001,127.417,G028
276,800,2,0.2286,39.600000000000001,0.0034657400000000001,129.03700000000001,G028
277,1000,2,0.2286,39.600000000000001,0.0034657400000000001,129.14699999999999,G028
278,1250,2,0.2286,39.600000000000001,0.0034657400000000001,128.25700000000001,G028
279,1600,2,0.2286,39.600000000000001,0.0034657400000000001,125.837,G028
280,2000,2,0.2286,39.600000000000001,0.0034657400000000001,122.797,G028
281,2500,2,0.2286,39.600000000000001,0.0034657400000000001,121.39700000000001,G028
282,3150,2,0.2286,39.600000000000001,0.0034657400000000001,121.627,G028
283,4000,2,0.2286,39.600000000000001,0.0034657400000000001,120.227,G028
284,5000,2,0.2286,39.600000000000001,0.0034657400000000001,118.827,G028
285,6300,2,0.2286,39.600000000000001,0.0034657400000000001,116.417,G028
286,315,2,0.2286,31.699999999999999,0.0037237099999999999,120.14700000000001,G027
287,400,2,0.2286,31.699999999999999,0.0037237099999999999,123.417,G027
288,500,2,0.2286,31.699999999999999,0.0037237099999999999,126.67700000000001,G027
289,630,2,0.2286,31.699999999999999,0.0037237099999999999,129.05699999999999,G027
290,800,2,0.2286,31.699999999999999,0.0037237099999999999,130.30699999999999,G027
291,1000,2,0.2286,31.699999999999999,0.0037237099999999999,130.30699999999999,G027
292,1250,2,0.2286,31.699999999999999,0.0037237099999999999,128.67699999999999,G027
293,1600,2,0.2286,31.699999999999999,0.0037237099999999999,125.797,G027
294,2000,2,0.2286,31.699999999999999,0.0037237099999999999,123.03700000000001,G027
295,2500,2,0.2286,31.699999999999999,0.0037237099999999999,121.407,G027
296,3150,2,0.2286,31.699999999999999,0.0037237099999999999,121.527,G027
297,4000,2,0.2286,31.699999999999999,0.0037237099999999999,120.527,G027
298,5000,2,0.2286,31.699999999999999,0.0037237099999999999,118.267,G027
299,6300,2,0.2286,31.699999999999999,0.0037237099999999999,115.137,G027
300,500,4,0.2286,71.299999999999997,0.0040060299999999998,126.758,G044
301,630,4,0.2286,71.299999999999997,0.0040060299999999998,129.03800000000001,G044
302,800,4,0.2286,71.299999999999997,0.0040060299999999998,130.68799999999999,G044
303,1000,4,0.2286,71.299999999999997,0.0040060299999999998,131.708,G044
304,1250,4,0.2286,71.299999999999997,0.0040060299999999998,131.71799999999999,G044
305,1600,4,0.2286,71.299999999999997,0.0040060299999999998,129.46799999999999,G044
306,2000,4,0.2286,71.299999999999997,0.0040060299999999998,126.218,G044
307,2500,4,0.2286,71.299999999999997,0.0040060299999999998,124.33799999999999,G044
308,3150,4,0.2286,71.299999999999997,0.0040060299999999998,124.108,G044
309,4000,4,0.2286,71.299999999999997,0.0040060299999999998,121.72799999999999,G044
310,5000,4,0.2286,71.299999999999997,0.0040060299999999998,121.11799999999999,G044
311,6300,4,0.2286,71.299999999999997,0.0040060299999999998,118.61799999999999,G044
312,8000,4,0.2286,71.299999999999997,0.0040060299999999998,112.848,G044
313,10000,4,0.2286,71.299999999999997,0.0040060299999999998,113.108,G044
314,12500,4,0.2286,71.299999999999997,0.0040060299999999998,114.258,G044
315,16000,4,0.2286,71.299999999999997,0.0040060299999999998,112.768,G044
316,20000,4,0.2286,71.299999999999997,0.0040060299999999998,109.63800000000001,G044
317,400,4,0.2286,55.5,0.0042862000000000004,123.274,G043
318,500,4,0.2286,55.5,0.0042862000000000004,127.31399999999999,G043
319,630,4,0.2286,55.5,0.0042862000000000004,129.964,G043
320,800,4,0.2286,55.5,0.0042862000000000004,131.864,G043
321,1000,4,0.2286,55.5,0.0042862000000000004,132.13399999999999,G043
322,1250,4,0.2286,55.5,0.0042862000000000004,131.26400000000001,G043
323,1600,4,0.2286,55.5,0.0042862000000000004,128.26400000000001,G043
324,2000,4,0.2286,55.5,0.0042862000000000004,124.254,G043
325,2500,4,0.2286,55.5,0.0042862000000000004,122.384,G043
326,3150,4,0.2286,55.5,0.0042862000000000004,122.39400000000001,G043
327,4000,4,0.2286,55.5,0.0042862000000000004,120.654,G043
328,5000,4,0.2286,55.5,0.0042862000000000004,120.03400000000001,G043
329,6300,4,0.2286,55.5,0.0042862000000000004,117.154,G043
330,8000,4,0.2286,55.5,0.0042862000000000004,112.524,G043
331,315,4,0.2286,39.600000000000001,0.00473801,122.229,G042
332,400,4,0.2286,39.600000000000001,0.00473801,123.879,G042
333,500,4,0.2286,39.600000000000001,0.00473801,127.039,G042
334,630,4,0.2286,39.600000000000001,0.00473801,129.57900000000001,G042
335,800,4,0.2286,39.600000000000001,0.00473801,130.46899999999999,G042
336,1000,4,0.2286,39.600000000000001,0.00473801,129.96899999999999,G042
337,1250,4,0.2286,39.600000000000001,0.00473801,128.339,G042
338,1600,4,0.2286,39.600000000000001,0.00473801,125.319,G042
339,2000,4,0.2286,39.600000000000001,0.00473801,121.65900000000001,G042
340,2500,4,0.2286,39.600000000000001,0.00473801,119.649,G042
341,3150,4,0.2286,39.600000000000001,0.00473801,120.419,G042
342,4000,4,0.2286,39.600000000000001,0.00473801,119.15900000000001,G042
343,5000,4,0.2286,39.600000000000001,0.00473801,117.649,G042
344,6300,4,0.2286,39.600000000000001,0.00473801,114.249,G042
345,8000,4,0.2286,39.600000000000001,0.00473801,113.129,G042
346,250,4,0.2286,31.699999999999999,0.0050906800000000002,120.18899999999999,G041
347,315,4,0.2286,31.699999999999999,0.0050906800000000002,123.60899999999999,G041
348,400,4,0.2286,31.699999999999999,0.0050906800000000002,126.149,G041
349,500,4,0.2286,31.699999999999999,0.0050906800000000002,128.93899999999999,G041
350,630,4,0.2286,31.699999999999999,0.0050906800000000002,130.34899999999999,G041
351,800,4,0.2286,31.699999999999999,0.0050906800000000002,130.869,G041
352,1000,4,0.2286,31.699999999999999,0.0050906800000000002,129.869,G041
353,1250,4,0.2286,31.699999999999999,0.0050906800000000002,128.119,G041
354,1600,4,0.2286,31.699999999999999,0.0050906800000000002,125.229,G041
355,2000,4,0.2286,31.699999999999999,0.0050906800000000002,122.089,G041
356,2500,4,0.2286,31.699999999999999,0.0050906800000000002,120.209,G041
357,3150,4,0.2286,31.699999999999999,0.0050906800000000002,120.229,G041
358,4000,4,0.2286,31.699999999999999,0.0050906800000000002,118.85899999999999,G041
359,5000,4,0.2286,31.699999999999999,0.0050906800000000002,115.96899999999999,G041
360,6300,4,0.2286,31.699999999999999,0.0050906800000000002,112.699,G041
361,400,5.2999999999999998,0.2286,71.299999999999997,0.0051942000000000004,127.7,G054
362,500,5.2999999999999998,0.2286,71.299999999999997,0.0051942000000000004,129.88,G054
363,630,5.2999999999999998,0.2286,71.299999999999997,0.0051942000000000004,131.80000000000001,G054
364,800,5.2999999999999998,0.2286,71.299999999999997,0.0051942000000000004,133.47999999999999,G054
365,1000,5.2999999999999998,0.2286,71.299999999999997,0.0051942000000000004,134,G054
366,1250,5.2999999999999998,0.2286,71.299999999999997,0.0051942000000000004,133.38,G054
367,1600,5.2999999999999998,0.2286,71.299999999999997,0.0051942000000000004,130.46000000000001,G054
368,2000,5.2999999999999998,0.2286,71.299999999999997,0.0051942000000000004,125.89,G054
369,2500,5.2999999999999998,0.2286,71.299999999999997,0.0051942000000000004,123.73999999999999,G054
370,3150,5.2999999999999998,0.2286,71.299999999999997,0.0051942000000000004,123.12,G054
371,4000,5.2999999999999998,0.2286,71.299999999999997,0.0051942000000000004,120.33,G054
372,5000,5.2999999999999998,0.2286,71.299999999999997,0.0051942000000000004,118.05,G054
373,6300,5.2999999999999998,0.2286,71.299999999999997,0.0051942000000000004,116.92,G054
374,8000,5.2999999999999998,0.2286,71.299999999999997,0.0051942000000000004,114.90000000000001,G054
375,10000,5.2999999999999998,0.2286,71.299999999999997,0.0051942000000000004,111.34999999999999,G054
376,250,5.2999999999999998,0.2286,39.600000000000001,0.00614329,127.011,G053
377,315,5.2999999999999998,0.2286,39.600000000000001,0.00614329,129.691,G053
378,400,5.2999999999999998,0.2286,39.600000000000001,0.00614329,131.221,G053
379,500,5.2999999999999998,0.2286,39.600000000000001,0.00614329,132.251,G053
380,630,5.2999999999999998,0.2286,39.600000000000001,0.00614329,132.011,G053
381,800,5.2999999999999998,0.2286,39.600000000000001,0.00614329,129.49100000000001,G053
382,1000,5.2999999999999998,0.2286,39.600000000000001,0.00614329,125.581,G053
383,1250,5.2999999999999998,0.2286,39.600000000000001,0.00614329,125.721,G053
384,1600,5.2999999999999998,0.2286,39.600000000000001,0.00614329,123.081,G053
385,2000,5.2999999999999998,0.2286,39.600000000000001,0.00614329,117.911,G053
386,2500,5.2999999999999998,0.2286,39.600000000000001,0.00614329,116.151,G053
387,3150,5.2999999999999998,0.2286,39.600000000000001,0.00614329,118.441,G053
388,4000,5.2999999999999998,0.2286,39.600000000000001,0.00614329,115.801,G053
389,5000,5.2999999999999998,0.2286,39.600000000000001,0.00614329,115.31100000000001,G053
390,6300,5.2999999999999998,0.2286,39.600000000000001,0.00614329,112.541,G053
391,200,7.2999999999999998,0.2286,71.299999999999997,0.010440400000000001,138.75800000000001,G068
392,250,7.2999999999999998,0.2286,71.299999999999997,0.010440400000000001,139.91800000000001,G068
393,315,7.2999999999999998,0.2286,71.299999999999997,0.010440400000000001,139.80799999999999,G068
394,400,7.2999999999999998,0.2286,71.299999999999997,0.010440400000000001,139.43799999999999,G068
395,500,7.2999999999999998,0.2286,71.299999999999997,0.010440400000000001,136.798,G068
396,630,7.2999999999999998,0.2286,71.299999999999997,0.010440400000000001,133.768,G068
397,800,7.2999999999999998,0.2286,71.299999999999997,0.010440400000000001,130.74799999999999,G068
398,1000,7.2999999999999998,0.2286,71.299999999999997,0.010440400000000001,126.83799999999999,G068
399,1250,7.2999999999999998,0.2286,71.299999999999997,0.010440400000000001,127.358,G068
400,1600,7.2999999999999998,0.2286,71.299999999999997,0.010440400000000001,125.72799999999999,G068
401,2000,7.2999999999999998,0.2286,71.299999999999997,0.010440400000000001,122.708,G068
402,2500,7.2999999999999998,0.2286,71.299999999999997,0.010440400000000001,122.08799999999999,G068
403,3150,7.2999999999999998,0.2286,71.299999999999997,0.010440400000000001,120.458,G068
404,4000,7.2999999999999998,0.2286,71.299999999999997,0.010440400000000001,119.208,G068
405,5000,7.2999999999999998,0.2286,71.299999999999997,0.010440400000000001,115.298,G068
406,6300,7.2999999999999998,0.2286,71.299999999999997,0.010440400000000001,115.818,G068
407,200,7.2999999999999998,0.2286,55.5,0.011170599999999999,135.23400000000001,G067
408,250,7.2999999999999998,0.2286,55.5,0.011170599999999999,136.38399999999999,G067
409,315,7.2999999999999998,0.2286,55.5,0.011170599999999999,136.28399999999999,G067
410,400,7.2999999999999998,0.2286,55.5,0.011170599999999999,135.92400000000001,G067
411,500,7.2999999999999998,0.2286,55.5,0.011170599999999999,133.17400000000001,G067
412,630,7.2999999999999998,0.2286,55.5,0.011170599999999999,130.934,G067
413,800,7.2999999999999998,0.2286,55.5,0.011170599999999999,128.44399999999999,G067
414,1000,7.2999999999999998,0.2286,55.5,0.011170599999999999,125.194,G067
415,1250,7.2999999999999998,0.2286,55.5,0.011170599999999999,125.724,G067
416,1600,7.2999999999999998,0.2286,55.5,0.011170599999999999,123.354,G067
417,2000,7.2999999999999998,0.2286,55.5,0.011170599999999999,120.354,G067
418,2500,7.2999999999999998,0.2286,55.5,0.011170599999999999,118.994,G067
419,3150,7.2999999999999998,0.2286,55.5,0.011170599999999999,117.134,G067
420,4000,7.2999999999999998,0.2286,55.5,0.011170599999999999,117.28400000000001,G067
421,5000,7.2999999999999998,0.2286,55.5,0.011170599999999999,113.14400000000001,G067
422,6300,7.2999999999999998,0.2286,55.5,0.011170599999999999,111.53400000000001,G067
423,200,7.2999999999999998,0.2286,39.600000000000001,0.012348100000000001,130.989,G066
424,250,7.2999999999999998,0.2286,39.600000000000001,0.012348100000000001,131.88900000000001,G066
425,315,7.2999999999999998,0.2286,39.600000000000001,0.012348100000000001,132.149,G066
426,400,7.2999999999999998,0.2286,39.600000000000001,0.012348100000000001,132.03899999999999,G066
427,500,7.2999999999999998,0.2286,39.600000000000001,0.012348100000000001,130.29900000000001,G066
428,630,7.2999999999999998,0.2286,39.600000000000001,0.012348100000000001,128.929,G066
429,800,7.2999999999999998,0.2286,39.600000000000001,0.012348100000000001,126.29900000000001,G066
430,1000,7.2999999999999998,0.2286,39.600000000000001,0.012348100000000001,122.539,G066
431,1250,7.2999999999999998,0.2286,39.600000000000001,0.012348100000000001,123.18899999999999,G066
432,1600,7.2999999999999998,0.2286,39.600000000000001,0.012348100000000001,121.059,G066
433,2000,7.2999999999999998,0.2286,39.600000000000001,0.012348100000000001,117.809,G066
434,2500,7.2999999999999998,0.2286,39.600000000000001,0.012348100000000001,116.559,G066
435,3150,7.2999999999999998,0.2286,39.600000000000001,0.012348100000000001,114.309,G066
436,4000,7.2999999999999998,0.2286,39.600000000000001,0.012348100000000001,114.07899999999999,G066
437,5000,7.2999999999999998,0.2286,39.600000000000001,0.012348100000000001,111.959,G066
438,6300,7.2999999999999998,0.2286,39.600000000000001,0.012348100000000001,110.839,G066
439,200,7.2999999999999998,0.2286,31.699999999999999,0.0132672,128.679,G065
440,250,7.2999999999999998,0.2286,31.699999999999999,0.0132672,130.089,G065
441,315,7.2999999999999998,0.2286,31.699999999999999,0.0132672,130.239,G065
442,400,7.2999999999999998,0.2286,31.699999999999999,0.0132672,130.26900000000001,G065
443,500,7.2999999999999998,0.2286,31.699999999999999,0.0132672,128.16900000000001,G065
444,630,7.2999999999999998,0.2286,31.699999999999999,0.0132672,126.18899999999999,G065
445,800,7.2999999999999998,0.2286,31.699999999999999,0.0132672,123.209,G065
446,1000,7.2999999999999998,0.2286,31.699999999999999,0.0132672,119.099,G065
447,1250,7.2999999999999998,0.2286,31.699999999999999,0.0132672,120.509,G065
448,1600,7.2999999999999998,0.2286,31.699999999999999,0.0132672,119.039,G065
449,2000,7.2999999999999998,0.2286,31.699999999999999,0.0132672,115.309,G065
450,2500,7.2999999999999998,0.2286,31.699999999999999,0.0132672,114.709,G065
451,3150,7.2999999999999998,0.2286,31.699999999999999,0.0132672,113.229,G065
452,4000,7.2999999999999998,0.2286,31.699999999999999,0.0132672,112.639,G065
453,5000,7.2999999999999998,0.2286,31.699999999999999,0.0132672,111.029,G065
454,6300,7.2999999999999998,0.2286,31.699999999999999,0.0132672,110.68899999999999,G065
455,800,0,0.15240000000000001,71.299999999999997,0.0015988,125.81699999999999,G016
456,1000,0,0.15240000000000001,71.299999999999997,0.0015988,127.307,G016
457,1250,0,0.15240000000000001,71.299999999999997,0.0015988,128.92699999999999,G016
458,1600,0,0.15240000000000001,71.299999999999997,0.0015988,129.667,G016
459,2000,0,0.15240000000000001,71.299999999999997,0.0015988,128.64699999999999,G016
460,2500,0,0.15240000000000001,71.299999999999997,0.0015988,128.12700000000001,G016
461,3150,0,0.15240000000000001,71.299999999999997,0.0015988,129.37700000000001,G016
462,4000,0,0.15240000000000001,71.299999999999997,0.0015988,128.857,G016
463,5000,0,0.15240000000000001,71.299999999999997,0.0015988,126.45699999999999,G016
464,6300,0,0.15240000000000001,71.299999999999997,0.0015988,125.42700000000001,G016
465,8000,0,0.15240000000000001,71.299999999999997,0.0015988,122.527,G016
466,10000,0,0.15240000000000001,71.299999999999997,0.0015988,120.247,G016
467,12500,0,0.15240000000000001,71.299999999999997,0.0015988,117.087,G016
468,16000,0,0.15240000000000001,71.299999999999997,0.0015988,113.297,G016
469,500,0,0.15240000000000001,55.5,0.00172668,120.57299999999999,G015
470,630,0,0.15240000000000001,55.5,0.00172668,123.583,G015
471,800,0,0.15240000000000001,55.5,0.00172668,126.71299999999999,G015
472,1000,0,0.15240000000000001,55.5,0.00172668,128.583,G015
473,1250,0,0.15240000000000001,55.5,0.00172668,129.953,G015
474,1600,0,0.15240000000000001,55.5,0.00172668,130.18299999999999,G015
475,2000,0,0.15240000000000001,55.5,0.00172668,129.673,G015
476,2500,0,0.15240000000000001,55.5,0.00172668,127.76300000000001,G015
477,3150,0,0.15240000000000001,55.5,0.00172668,127.753,G015
478,4000,0,0.15240000000000001,55.5,0.00172668,127.233,G015
479,5000,0,0.15240000000000001,55.5,0.00172668,125.203,G015
480,6300,0,0.15240000000000001,55.5,0.00172668,123.303,G015
481,8000,0,0.15240000000000001,55.5,0.00172668,121.90300000000001,G015
482,10000,0,0.15240000000000001,55.5,0.00172668,119.253,G015
483,12500,0,0.15240000000000001,55.5,0.00172668,117.093,G015
484,16000,0,0.15240000000000001,55.5,0.00172668,112.803,G015
485,500,0,0.15240000000000001,39.600000000000001,0.0019328699999999999,119.51300000000001,G014
486,630,0,0.15240000000000001,39.600000000000001,0.0019328699999999999,124.40300000000001,G014
487,800,0,0.15240000000000001,39.600000000000001,0.0019328699999999999,127.90300000000001,G014
488,1000,0,0.15240000000000001,39.600000000000001,0.0019328699999999999,130.03299999999999,G014
489,1250,0,0.15240000000000001,39.600000000000001,0.0019328699999999999,131.023,G014
490,1600,0,0.15240000000000001,39.600000000000001,0.0019328699999999999,131.01300000000001,G014
491,2000,0,0.15240000000000001,39.600000000000001,0.0019328699999999999,129.63300000000001,G014
492,2500,0,0.15240000000000001,39.600000000000001,0.0019328699999999999,126.863,G014
493,3150,0,0.15240000000000001,39.600000000000001,0.0019328699999999999,125.60299999999999,G014
494,4000,0,0.15240000000000001,39.600000000000001,0.0019328699999999999,125.343,G014
495,5000,0,0.15240000000000001,39.600000000000001,0.0019328699999999999,123.453,G014
496,6300,0,0.15240000000000001,39.600000000000001,0.0019328699999999999,121.313,G014
497,8000,0,0.15240000000000001,39.600000000000001,0.0019328699999999999,120.553,G014
498,10000,0,0.15240000000000001,39.600000000000001,0.0019328699999999999,115.413,G014
499,500,0,0.15240000000000001,31.699999999999999,0.0020940500000000001,121.617,G013
500,630,0,0.15240000000000001,31.699999999999999,0.0020940500000000001,125.997,G013
501,800,0,0.15240000000000001,31.699999999999999,0.0020940500000000001,129.11699999999999,G013
502,1000,0,0.15240000000000001,31.699999999999999,0.0020940500000000001,130.98699999999999,G013
503,1250,0,0.15240000000000001,31.699999999999999,0.0020940500000000001,131.46700000000001,G013
504,1600,0,0.15240000000000001,31.699999999999999,0.0020940500000000001,130.81700000000001,G013
505,2000,0,0.15240000000000001,31.699999999999999,0.0020940500000000001,128.90700000000001,G013
506,2500,0,0.15240000000000001,31.699999999999999,0.0020940500000000001,125.867,G013
507,3150,0,0.15240000000000001,31.699999999999999,0.0020940500000000001,124.20699999999999,G013
508,4000,0,0.15240000000000001,31.699999999999999,0.0020940500000000001,123.807,G013
509,5000,0,0.15240000000000001,31.699999999999999,0.0020940500000000001,122.39700000000001,G013
510,6300,0,0.15240000000000001,31.699999999999999,0.0020940500000000001,119.73699999999999,G013
511,8000,0,0.15240000000000001,31.699999999999999,0.0020940500000000001,117.95699999999999,G013
512,630,2.7000000000000002,0.15240000000000001,71.299999999999997,0.0024385100000000001,127.404,G032
513,800,2.7000000000000002,0.15240000000000001,71.299999999999997,0.0024385100000000001,127.39400000000001,G032
514,1000,2.7000000000000002,0.15240000000000001,71.299999999999997,0.0024385100000000001,128.774,G032
515,1250,2.7000000000000002,0.15240000000000001,71.299999999999997,0.0024385100000000001,130.14400000000001,G032
516,1600,2.7000000000000002,0.15240000000000001,71.299999999999997,0.0024385100000000001,130.64400000000001,G032
517,2000,2.7000000000000002,0.15240000000000001,71.299999999999997,0.0024385100000000001,130.114,G032
518,2500,2.7000000000000002,0.15240000000000001,71.299999999999997,0.0024385100000000001,128.334,G032
519,3150,2.7000000000000002,0.15240000000000001,71.299999999999997,0.0024385100000000001,127.054,G032
520,4000,2.7000000000000002,0.15240000000000001,71.299999999999997,0.0024385100000000001,126.53400000000001,G032
521,5000,2.7000000000000002,0.15240000000000001,71.299999999999997,0.0024385100000000001,124.364,G032
522,6300,2.7000000000000002,0.15240000000000001,71.299999999999997,0.0024385100000000001,121.944,G032
523,8000,2.7000000000000002,0.15240000000000001,71.299999999999997,0.0024385100000000001,120.53400000000001,G032
524,10000,2.7000000000000002,0.15240000000000001,71.299999999999997,0.0024385100000000001,116.724,G032
525,12500,2.7000000000000002,0.15240000000000001,71.299999999999997,0.0024385100000000001,113.03400000000001,G032
526,16000,2.7000000000000002,0.15240000000000001,71.299999999999997,0.0024385100000000001,110.364,G032
527,500,2.7000000000000002,0.15240000000000001,39.600000000000001,0.0029480399999999999,121.009,G031
528,630,2.7000000000000002,0.15240000000000001,39.600000000000001,0.0029480399999999999,125.809,G031
529,800,2.7000000000000002,0.15240000000000001,39.600000000000001,0.0029480399999999999,128.82900000000001,G031
530,1000,2.7000000000000002,0.15240000000000001,39.600000000000001,0.0029480399999999999,130.589,G031
531,1250,2.7000000000000002,0.15240000000000001,39.600000000000001,0.0029480399999999999,130.82900000000001,G031
532,1600,2.7000000000000002,0.15240000000000001,39.600000000000001,0.0029480399999999999,130.04900000000001,G031
533,2000,2.7000000000000002,0.15240000000000001,39.600000000000001,0.0029480399999999999,128.13900000000001,G031
534,2500,2.7000000000000002,0.15240000000000001,39.600000000000001,0.0029480399999999999,125.589,G031
535,3150,2.7000000000000002,0.15240000000000001,39.600000000000001,0.0029480399999999999,122.919,G031
536,4000,2.7000000000000002,0.15240000000000001,39.600000000000001,0.0029480399999999999,121.889,G031
537,5000,2.7000000000000002,0.15240000000000001,39.600000000000001,0.0029480399999999999,121.499,G031
538,6300,2.7000000000000002,0.15240000000000001,39.600000000000001,0.0029480399999999999,119.209,G031
539,8000,2.7000000000000002,0.15240000000000001,39.600000000000001,0.0029480399999999999,116.65900000000001,G031
540,10000,2.7000000000000002,0.15240000000000001,39.600000000000001,0.0029480399999999999,112.589,G031
541,12500,2.7000000000000002,0.15240000000000001,39.600000000000001,0.0029480399999999999,108.649,G031
542,400,5.4000000000000004,0.15240000000000001,71.299999999999997,0.00401199,124.121,G058
543,500,5.4000000000000004,0.15240000000000001,71.299999999999997,0.00401199,126.291,G058
544,630,5.4000000000000004,0.15240000000000001,71.299999999999997,0.00401199,128.971,G058
545,800,5.4000000000000004,0.15240000000000001,71.299999999999997,0.00401199,131.28100000000001,G058
546,1000,5.4000000000000004,0.15240000000000001,71.299999999999997,0.00401199,133.20099999999999,G058
547,1250,5.4000000000000004,0.15240000000000001,71.299999999999997,0.00401199,134.11099999999999,G058
548,1600,5.4000000000000004,0.15240000000000001,71.299999999999997,0.00401199,133.24100000000001,G058
549,2000,5.4000000000000004,0.15240000000000001,71.299999999999997,0.00401199,131.11099999999999,G058
550,2500,5.4000000000000004,0.15240000000000001,71.299999999999997,0.00401199,127.59099999999999,G058
551,3150,5.4000000000000004,0.15240000000000001,71.299999999999997,0.00401199,123.31100000000001,G058
552,4000,5.4000000000000004,0.15240000000000001,71.299999999999997,0.00401199,121.431,G058
553,5000,5.4000000000000004,0.15240000000000001,71.299999999999997,0.00401199,120.06100000000001,G058
554,6300,5.4000000000000004,0.15240000000000001,71.299999999999997,0.00401199,116.411,G058
555,400,5.4000000000000004,0.15240000000000001,55.5,0.0043328799999999999,126.807,G057
556,500,5.4000000000000004,0.15240000000000001,55.5,0.0043328799999999999,129.36699999999999,G057
557,630,5.4000000000000004,0.15240000000000001,55.5,0.0043328799999999999,131.80699999999999,G057
558,800,5.4000000000000004,0.15240000000000001,55.5,0.0043328799999999999,133.09700000000001,G057
559,1000,5.4000000000000004,0.15240000000000001,55.5,0.0043328799999999999,132.12700000000001,G057
560,1250,5.4000000000000004,0.15240000000000001,55.5,0.0043328799999999999,130.77699999999999,G057
561,1600,5.4000000000000004,0.15240000000000001,55.5,0.0043328799999999999,130.56700000000001,G057
562,2000,5.4000000000000004,0.15240000000000001,55.5,0.0043328799999999999,128.70699999999999,G057
563,2500,5.4000000000000004,0.15240000000000001,55.5,0.0043328799999999999,124.077,G057
564,3150,5.4000000000000004,0.15240000000000001,55.5,0.0043328799999999999,121.587,G057
565,4000,5.4000000000000004,0.15240000000000001,55.5,0.0043328799999999999,119.73699999999999,G057
566,5000,5.4000000000000004,0.15240000000000001,55.5,0.0043328799999999999,118.75700000000001,G057
567,6300,5.4000000000000004,0.15240000000000001,55.5,0.0043328799999999999,117.28700000000001,G057
568,8000,5.4000000000000004,0.15240000000000001,55.5,0.0043328799999999999,114.92700000000001,G057
569,315,5.4000000000000004,0.15240000000000001,39.600000000000001,0.0048502900000000002,125.34699999999999,G056
570,400,5.4000000000000004,0.15240000000000001,39.600000000000001,0.0048502900000000002,127.637,G056
571,500,5.4000000000000004,0.15240000000000001,39.600000000000001,0.0048502900000000002,129.93700000000001,G056
572,630,5.4000000000000004,0.15240000000000001,39.600000000000001,0.0048502900000000002,132.357,G056
573,800,5.4000000000000004,0.15240000000000001,39.600000000000001,0.0048502900000000002,132.75700000000001,G056
574,1000,5.4000000000000004,0.15240000000000001,39.600000000000001,0.0048502900000000002,130.50700000000001,G056
575,1250,5.4000000000000004,0.15240000000000001,39.600000000000001,0.0048502900000000002,127.117,G056
576,1600,5.4000000000000004,0.15240000000000001,39.600000000000001,0.0048502900000000002,126.267,G056
577,2000,5.4000000000000004,0.15240000000000001,39.600000000000001,0.0048502900000000002,124.64700000000001,G056
578,2500,5.4000000000000004,0.15240000000000001,39.600000000000001,0.0048502900000000002,120.497,G056
579,3150,5.4000000000000004,0.15240000000000001,39.600000000000001,0.0048502900000000002,119.137,G056
580,4000,5.4000000000000004,0.15240000000000001,39.600000000000001,0.0048502900000000002,117.137,G056
581,5000,5.4000000000000004,0.15240000000000001,39.600000000000001,0.0048502900000000002,117.03700000000001,G056
582,6300,5.4000000000000004,0.15240000000000001,39.600000000000001,0.0048502900000000002,116.67700000000001,G056
583,315,5.4000000000000004,0.15240000000000001,31.699999999999999,0.0052547399999999999,125.741,G055
584,400,5.4000000000000004,0.15240000000000001,31.699999999999999,0.0052547399999999999,127.78100000000001,G055
585,500,5.4000000000000004,0.15240000000000001,31.699999999999999,0.0052547399999999999,129.68100000000001,G055
586,630,5.4000000000000004,0.15240000000000001,31.699999999999999,0.0052547399999999999,131.471,G055
587,800,5.4000000000000004,0.15240000000000001,31.699999999999999,0.0052547399999999999,131.49100000000001,G055
588,1000,5.4000000000000004,0.15240000000000001,31.699999999999999,0.0052547399999999999,128.24100000000001,G055
589,1250,5.4000000000000004,0.15240000000000001,31.699999999999999,0.0052547399999999999,123.991,G055
590,1600,5.4000000000000004,0.15240000000000001,31.699999999999999,0.0052547399999999999,123.761,G055
591,2000,5.4000000000000004,0.15240000000000001,31.699999999999999,0.0052547399999999999,122.771,G055
592,2500,5.4000000000000004,0.15240000000000001,31.699999999999999,0.0052547399999999999,119.151,G055
593,3150,5.4000000000000004,0.15240000000000001,31.699999999999999,0.0052547399999999999,118.291,G055
594,4000,5.4000000000000004,0.15240000000000001,31.699999999999999,0.0052547399999999999,116.181,G055
595,5000,5.4000000000000004,0.15240000000000001,31.699999999999999,0.0052547399999999999,115.691,G055
596,6300,5.4000000000000004,0.15240000000000001,31.699999999999999,0.0052547399999999999,115.59099999999999,G055
597,315,7.2000000000000002,0.15240000000000001,71.299999999999997,0.0075203900000000001,128.71299999999999,G064
598,400,7.2000000000000002,0.15240000000000001,71.299999999999997,0.0075203900000000001,130.12299999999999,G064
599,500,7.2000000000000002,0.15240000000000001,71.299999999999997,0.0075203900000000001,132.04300000000001,G064
600,630,7.2000000000000002,0.15240000000000001,71.299999999999997,0.0075203900000000001,134.85300000000001,G064
601,800,7.2000000000000002,0.15240000000000001,71.299999999999997,0.0075203900000000001,136.023,G064
602,1000,7.2000000000000002,0.15240000000000001,71.299999999999997,0.0075203900000000001,134.273,G064
603,1250,7.2000000000000002,0.15240000000000001,71.299999999999997,0.0075203900000000001,132.51300000000001,G064
604,1600,7.2000000000000002,0.15240000000000001,71.299999999999997,0.0075203900000000001,130.893,G064
605,2000,7.2000000000000002,0.15240000000000001,71.299999999999997,0.0075203900000000001,128.643,G064
606,2500,7.2000000000000002,0.15240000000000001,71.299999999999997,0.0075203900000000001,124.35299999999999,G064
607,3150,7.2000000000000002,0.15240000000000001,71.299999999999997,0.0075203900000000001,116.783,G064
608,4000,7.2000000000000002,0.15240000000000001,71.299999999999997,0.0075203900000000001,119.343,G064
609,5000,7.2000000000000002,0.15240000000000001,71.299999999999997,0.0075203900000000001,118.343,G064
610,6300,7.2000000000000002,0.15240000000000001,71.299999999999997,0.0075203900000000001,116.60299999999999,G064
611,8000,7.2000000000000002,0.15240000000000001,71.299999999999997,0.0075203900000000001,113.333,G064
612,10000,7.2000000000000002,0.15240000000000001,71.299999999999997,0.0075203900000000001,110.313,G064
613,250,7.2000000000000002,0.15240000000000001,39.600000000000001,0.0090917499999999991,127.488,G063
614,315,7.2000000000000002,0.15240000000000001,39.600000000000001,0.0090917499999999991,130.55799999999999,G063
615,400,7.2000000000000002,0.15240000000000001,39.600000000000001,0.0090917499999999991,132.11799999999999,G063
616,500,7.2000000000000002,0.15240000000000001,39.600000000000001,0.0090917499999999991,132.65799999999999,G063
617,630,7.2000000000000002,0.15240000000000001,39.600000000000001,0.0090917499999999991,133.19800000000001,G063
618,800,7.2000000000000002,0.15240000000000001,39.600000000000001,0.0090917499999999991,132.358,G063
619,1000,7.2000000000000002,0.15240000000000001,39.600000000000001,0.0090917499999999991,128.33799999999999,G063
620,1250,7.2000000000000002,0.15240000000000001,39.600000000000001,0.0090917499999999991,122.428,G063
621,1600,7.2000000000000002,0.15240000000000001,39.600000000000001,0.0090917499999999991,120.05800000000001,G063
622,2000,7.2000000000000002,0.15240000000000001,39.600000000000001,0.0090917499999999991,120.22799999999999,G063
623,2500,7.2000000000000002,0.15240000000000001,39.600000000000001,0.0090917499999999991,117.47799999999999,G063
624,3150,7.2000000000000002,0.15240000000000001,39.600000000000001,0.0090917499999999991,111.818,G063
625,4000,7.2000000000000002,0.15240000000000001,39.600000000000001,0.0090917499999999991,114.258,G063
626,5000,7.2000000000000002,0.15240000000000001,39.600000000000001,0.0090917499999999991,113.288,G063
627,6300,7.2000000000000002,0.15240000000000001,39.600000000000001,0.0090917499999999991,112.688,G063
628,8000,7.2000000000000002,0.15240000000000001,39.600000000000001,0.0090917499999999991,111.58799999999999,G063
629,10000,7.2000000000000002,0.15240000000000001,39.600000000000001,0.0090917499999999991,110.86799999999999,G063
630,200,9.9000000000000004,0.15240000000000001,71.299999999999997,0.019300100000000001,134.31899999999999,G082
631,250,9.9000000000000004,0.15240000000000001,71.299999999999997,0.019300100000000001,135.32900000000001,G082
632,315,9.9000000000000004,0.15240000000000001,71.299999999999997,0.019300100000000001,135.459,G082
633,400,9.9000000000000004,0.15240000000000001,71.299999999999997,0.019300100000000001,135.07900000000001,G082
634,500,9.9000000000000004,0.15240000000000001,71.299999999999997,0.019300100000000001,131.279,G082
635,630,9.9000000000000004,0.15240000000000001,71.299999999999997,0.019300100000000001,129.88900000000001,G082
636,800,9.9000000000000004,0.15240000000000001,71.299999999999997,0.019300100000000001,128.87899999999999,G082
637,1000,9.9000000000000004,0.15240000000000001,71.299999999999997,0.019300100000000001,126.349,G082
638,1250,9.9000000000000004,0.15240000000000001,71.299999999999997,0.019300100000000001,122.679,G082
639,1600,9.9000000000000004,0.15240000000000001,71.299999999999997,0.019300100000000001,121.789,G082
640,2000,9.9000000000000004,0.15240000000000001,71.299999999999997,0.019300100000000001,120.779,G082
641,2500,9.9000000000000004,0.15240000000000001,71.299999999999997,0.019300100000000001,119.639,G082
642,3150,9.9000000000000004,0.15240000000000001,71.299999999999997,0.019300100000000001,116.849,G082
643,4000,9.9000000000000004,0.15240000000000001,71.299999999999997,0.019300100000000001,115.07899999999999,G082
644,5000,9.9000000000000004,0.15240000000000001,71.299999999999997,0.019300100000000001,114.569,G082
645,6300,9.9000000000000004,0.15240000000000001,71.299999999999997,0.019300100000000001,112.039,G082
646,200,9.9000000000000004,0.15240000000000001,55.5,0.020843799999999999,131.95500000000001,G081
647,250,9.9000000000000004,0.15240000000000001,55.5,0.020843799999999999,133.23500000000001,G081
648,315,9.9000000000000004,0.15240000000000001,55.5,0.020843799999999999,132.35499999999999,G081
649,400,9.9000000000000004,0.15240000000000001,55.5,0.020843799999999999,131.60499999999999,G081
650,500,9.9000000000000004,0.15240000000000001,55.5,0.020843799999999999,127.815,G081
651,630,9.9000000000000004,0.15240000000000001,55.5,0.020843799999999999,127.315,G081
652,800,9.9000000000000004,0.15240000000000001,55.5,0.020843799999999999,126.565,G081
653,1000,9.9000000000000004,0.15240000000000001,55.5,0.020843799999999999,124.66500000000001,G081
654,1250,9.9000000000000004,0.15240000000000001,55.5,0.020843799999999999,121.63500000000001,G081
655,1600,9.9000000000000004,0.15240000000000001,55.5,0.020843799999999999,119.875,G081
656,2000,9.9000000000000004,0.15240000000000001,55.5,0.020843799999999999,119.505,G081
657,2500,9.9000000000000004,0.15240000000000001,55.5,0.020843799999999999,118.36499999999999,G081
658,3150,9.9000000000000004,0.15240000000000001,55.5,0.020843799999999999,115.08499999999999,G081
659,4000,9.9000000000000004,0.15240000000000001,55.5,0.020843799999999999,112.94499999999999,G081
660,5000,9.9000000000000004,0.15240000000000001,55.5,0.020843799999999999,112.065,G081
661,6300,9.9000000000000004,0.15240000000000001,55.5,0.020843799999999999,110.55500000000001,G081
662,200,9.9000000000000004,0.15240000000000001,39.600000000000001,0.023332800000000001,127.315,G080
663,250,9.9000000000000004,0.15240000000000001,39.600000000000001,0.023332800000000001,128.33500000000001,G080
664,315,9.9000000000000004,0.15240000000000001,39.600000000000001,0.023332800000000001,128.595,G080
665,400,9.9000000000000004,0.15240000000000001,39.600000000000001,0.023332800000000001,128.345,G080
666,500,9.9000000000000004,0.15240000000000001,39.600000000000001,0.023332800000000001,126.83499999999999,G080
667,630,9.9000000000000004,0.15240000000000001,39.600000000000001,0.023332800000000001,126.465,G080
668,800,9.9000000000000004,0.15240000000000001,39.600000000000001,0.023332800000000001,126.345,G080
669,1000,9.9000000000000004,0.15240000000000001,39.600000000000001,0.023332800000000001,123.83499999999999,G080
670,1250,9.9000000000000004,0.15240000000000001,39.600000000000001,0.023332800000000001,120.55500000000001,G080
671,1600,9.9000000000000004,0.15240000000000001,39.600000000000001,0.023332800000000001,118.545,G080
672,2000,9.9000000000000004,0.15240000000000001,39.600000000000001,0.023332800000000001,117.925,G080
673,2500,9.9000000000000004,0.15240000000000001,39.600000000000001,0.023332800000000001,116.295,G080
674,3150,9.9000000000000004,0.15240000000000001,39.600000000000001,0.023332800000000001,113.52500000000001,G080
675,4000,9.9000000000000004,0.15240000000000001,39.600000000000001,0.023332800000000001,112.265,G080
676,5000,9.9000000000000004,0.15240000000000001,39.600000000000001,0.023332800000000001,111.13500000000001,G080
677,6300,9.9000000000000004,0.15240000000000001,39.600000000000001,0.023332800000000001,109.88500000000001,G080
678,200,9.9000000000000004,0.15240000000000001,31.699999999999999,0.025278499999999999,127.29900000000001,G079
679,250,9.9000000000000004,0.15240000000000001,31.699999999999999,0.025278499999999999,128.559,G079
680,315,9.9000000000000004,0.15240000000000001,31.699999999999999,0.025278499999999999,128.809,G079
681,400,9.9000000000000004,0.15240000000000001,31.699999999999999,0.025278499999999999,128.93899999999999,G079
682,500,9.9000000000000004,0.15240000000000001,31.699999999999999,0.025278499999999999,127.179,G079
683,630,9.9000000000000004,0.15240000000000001,31.699999999999999,0.025278499999999999,126.04900000000001,G079
684,800,9.9000000000000004,0.15240000000000001,31.699999999999999,0.025278499999999999,125.539,G079
685,1000,9.9000000000000004,0.15240000000000001,31.699999999999999,0.025278499999999999,122.149,G079
686,1250,9.9000000000000004,0.15240000000000001,31.699999999999999,0.025278499999999999,118.619,G079
687,1600,9.9000000000000004,0.15240000000000001,31.699999999999999,0.025278499999999999,117.119,G079
688,2000,9.9000000000000004,0.15240000000000001,31.699999999999999,0.025278499999999999,116.85899999999999,G079
689,2500,9.9000000000000004,0.15240000000000001,31.699999999999999,0.025278499999999999,114.729,G079
690,3150,9.9000000000000004,0.15240000000000001,31.699999999999999,0.025278499999999999,112.209,G079
691,4000,9.9000000000000004,0.15240000000000001,31.699999999999999,0.025278499999999999,111.459,G079
692,5000,9.9000000000000004,0.15240000000000001,31.699999999999999,0.025278499999999999,109.949,G079
693,6300,9.9000000000000004,0.15240000000000001,31.699999999999999,0.025278499999999999,108.68899999999999,G079
694,200,12.6,0.15240000000000001,71.299999999999997,0.048315900000000002,128.35400000000001,G090
695,250,12.6,0.15240000000000001,71.299999999999997,0.048315900000000002,129.744,G090
696,315,12.6,0.15240000000000001,71.299999999999997,0.048315900000000002,128.48400000000001,G090
697,400,12.6,0.15240000000000001,71.299999999999997,0.048315900000000002,127.09399999999999,G090
698,500,12.6,0.15240000000000001,71.299999999999997,0.048315900000000002,121.664,G090
699,630,12.6,0.15240000000000001,71.299999999999997,0.048315900000000002,123.304,G090
700,800,12.6,0.15240000000000001,71.299999999999997,0.048315900000000002,123.054,G090
701,1000,12.6,0.15240000000000001,71.299999999999997,0.048315900000000002,122.044,G090
702,1250,12.6,0.15240000000000001,71.299999999999997,0.048315900000000002,120.154,G090
703,1600,12.6,0.15240000000000001,71.299999999999997,0.048315900000000002,120.53400000000001,G090
704,2000,12.6,0.15240000000000001,71.299999999999997,0.048315900000000002,117.504,G090
705,2500,12.6,0.15240000000000001,71.299999999999997,0.048315900000000002,115.23399999999999,G090
706,3150,12.6,0.15240000000000001,71.299999999999997,0.048315900000000002,113.334,G090
707,4000,12.6,0.15240000000000001,71.299999999999997,0.048315900000000002,108.03400000000001,G090
708,5000,12.6,0.15240000000000001,71.299999999999997,0.048315900000000002,108.03400000000001,G090
709,6300,12.6,0.15240000000000001,71.299999999999997,0.048315900000000002,107.28400000000001,G090
710,200,12.6,0.15240000000000001,39.600000000000001,0.058411299999999999,114.75,G089
711,250,12.6,0.15240000000000001,39.600000000000001,0.058411299999999999,115.89,G089
712,315,12.6,0.15240000000000001,39.600000000000001,0.058411299999999999,116.02,G089
713,400,12.6,0.15240000000000001,39.600000000000001,0.058411299999999999,115.91,G089
714,500,12.6,0.15240000000000001,39.600000000000001,0.058411299999999999,114.90000000000001,G089
715,630,12.6,0.15240000000000001,39.600000000000001,0.058411299999999999,116.55,G089
716,800,12.6,0.15240000000000001,39.600000000000001,0.058411299999999999,116.56,G089
717,1000,12.6,0.15240000000000001,39.600000000000001,0.058411299999999999,114.67,G089
718,1250,12.6,0.15240000000000001,39.600000000000001,0.058411299999999999,112.16,G089
719,1600,12.6,0.15240000000000001,39.600000000000001,0.058411299999999999,110.78,G089
720,2000,12.6,0.15240000000000001,39.600000000000001,0.058411299999999999,109.52,G089
721,2500,12.6,0.15240000000000001,39.600000000000001,0.058411299999999999,106.88,G089
722,3150,12.6,0.15240000000000001,39.600000000000001,0.058411299999999999,106.26000000000001,G089
723,4000,12.6,0.15240000000000001,39.600000000000001,0.058411299999999999,104.5,G089
724,5000,12.6,0.15240000000000001,39.600000000000001,0.058411299999999999,104.13,G089
725,6300,12.6,0.15240000000000001,39.600000000000001,0.058411299999999999,103.38,G089
726,800,0,0.050799999999999998,71.299999999999997,0.00074047800000000003,130.96000000000001,G008
727,1000,0,0.050799999999999998,71.299999999999997,0.00074047800000000003,129.44999999999999,G008
728,1250,0,0.050799999999999998,71.299999999999997,0.00074047800000000003,128.56,G008
729,1600,0,0.050799999999999998,71.299999999999997,0.00074047800000000003,129.68000000000001,G008
730,2000,0,0.050799999999999998,71.299999999999997,0.00074047800000000003,131.06,G008
731,2500,0,0.050799999999999998,71.299999999999997,0.00074047800000000003,131.31,G008
732,3150,0,0.050799999999999998,71.299999999999997,0.00074047800000000003,135.06999999999999,G008
733,4000,0,0.050799999999999998,71.299999999999997,0.00074047800000000003,134.43000000000001,G008
734,5000,0,0.050799999999999998,71.299999999999997,0.00074047800000000003,134.43000000000001,G008
735,6300,0,0.050799999999999998,71.299999999999997,0.00074047800000000003,133.03999999999999,G008
736,8000,0,0.050799999999999998,71.299999999999997,0.00074047800000000003,130.88999999999999,G008
737,10000,0,0.050799999999999998,71.299999999999997,0.00074047800000000003,128.74000000000001,G008
738,12500,0,0.050799999999999998,71.299999999999997,0.00074047800000000003,125.22,G008
739,800,0,0.050799999999999998,55.5,0.00076192999999999996,124.336,G007
740,1000,0,0.050799999999999998,55.5,0.00076192999999999996,125.586,G007
741,1250,0,0.050799999999999998,55.5,0.00076192999999999996,127.07599999999999,G007
742,1600,0,0.050799999999999998,55.5,0.00076192999999999996,128.57599999999999,G007
743,2000,0,0.050799999999999998,55.5,0.00076192999999999996,131.45599999999999,G007
744,2500,0,0.050799999999999998,55.5,0.00076192999999999996,133.95599999999999,G007
745,3150,0,0.050799999999999998,55.5,0.00076192999999999996,134.82599999999999,G007
746,4000,0,0.050799999999999998,55.5,0.00076192999999999996,134.946,G007
747,5000,0,0.050799999999999998,55.5,0.00076192999999999996,134.55600000000001,G007
748,6300,0,0.050799999999999998,55.5,0.00076192999999999996,132.79599999999999,G007
749,8000,0,0.050799999999999998,55.5,0.00076192999999999996,130.15600000000001,G007
750,10000,0,0.050799999999999998,55.5,0.00076192999999999996,127.636,G007
751,12500,0,0.050799999999999998,55.5,0.00076192999999999996,125.376,G007
752,800,0,0.050799999999999998,39.600000000000001,0.00079182199999999997,126.508,G006
753,1000,0,0.050799999999999998,39.600000000000001,0.00079182199999999997,127.63800000000001,G006
754,1250,0,0.050799999999999998,39.600000000000001,0.00079182199999999997,129.148,G006
755,1600,0,0.050799999999999998,39.600000000000001,0.00079182199999999997,130.90799999999999,G006
756,2000,0,0.050799999999999998,39.600000000000001,0.00079182199999999997,132.91800000000001,G006
757,2500,0,0.050799999999999998,39.600000000000001,0.00079182199999999997,134.93799999999999,G006
758,3150,0,0.050799999999999998,39.600000000000001,0.00079182199999999997,135.93799999999999,G006
759,4000,0,0.050799999999999998,39.600000000000001,0.00079182199999999997,135.30799999999999,G006
760,5000,0,0.050799999999999998,39.600000000000001,0.00079182199999999997,134.30799999999999,G006
761,6300,0,0.050799999999999998,39.600000000000001,0.00079182199999999997,131.91800000000001,G006
762,8000,0,0.050799999999999998,39.600000000000001,0.00079182199999999997,128.518,G006
763,10000,0,0.050799999999999998,39.600000000000001,0.00079182199999999997,125.998,G006
764,12500,0,0.050799999999999998,39.600000000000001,0.00079182199999999997,123.988,G006
765,800,0,0.050799999999999998,31.699999999999999,0.00081216399999999998,122.79000000000001,G005
766,1000,0,0.050799999999999998,31.699999999999999,0.00081216399999999998,126.78,G005
767,1250,0,0.050799999999999998,31.699999999999999,0.00081216399999999998,129.27000000000001,G005
768,1600,0,0.050799999999999998,31.699999999999999,0.00081216399999999998,131.00999999999999,G005
769,2000,0,0.050799999999999998,31.699999999999999,0.00081216399999999998,133.00999999999999,G005
770,2500,0,0.050799999999999998,31.699999999999999,0.00081216399999999998,134.87,G005
771,3150,0,0.050799999999999998,31.699999999999999,0.00081216399999999998,135.49000000000001,G005
772,4000,0,0.050799999999999998,31.699999999999999,0.00081216399999999998,134.11000000000001,G005
773,5000,0,0.050799999999999998,31.699999999999999,0.00081216399999999998,133.22999999999999,G005
774,6300,0,0.050799999999999998,31.699999999999999,0.00081216399999999998,130.34,G005
775,8000,0,0.050799999999999998,31.699999999999999,0.00081216399999999998,126.59,G005
776,10000,0,0.050799999999999998,31.699999999999999,0.00081216399999999998,122.45,G005
777,12500,0,0.050799999999999998,31.699999999999999,0.00081216399999999998,119.06999999999999,G005
778,1600,4.2000000000000002,0.050799999999999998,71.299999999999997,0.0014278800000000001,124.318,G048
779,2000,4.2000000000000002,0.050799999999999998,71.299999999999997,0.0014278800000000001,129.84800000000001,G048
780,2500,4.2000000000000002,0.050799999999999998,71.299999999999997,0.0014278800000000001,131.97800000000001,G048
781,3150,4.2000000000000002,0.050799999999999998,71.299999999999997,0.0014278800000000001,133.72800000000001,G048
782,4000,4.2000000000000002,0.050799999999999998,71.299999999999997,0.0014278800000000001,133.59800000000001,G048
783,5000,4.2000000000000002,0.050799999999999998,71.299999999999997,0.0014278800000000001,132.828,G048
784,6300,4.2000000000000002,0.050799999999999998,71.299999999999997,0.0014278800000000001,129.30799999999999,G048
785,8000,4.2000000000000002,0.050799999999999998,71.299999999999997,0.0014278800000000001,125.268,G048
786,10000,4.2000000000000002,0.050799999999999998,71.299999999999997,0.0014278800000000001,121.238,G048
787,12500,4.2000000000000002,0.050799999999999998,71.299999999999997,0.0014278800000000001,117.328,G048
788,1000,4.2000000000000002,0.050799999999999998,39.600000000000001,0.0015268899999999999,125.64700000000001,G047
789,1250,4.2000000000000002,0.050799999999999998,39.600000000000001,0.0015268899999999999,128.42699999999999,G047
790,1600,4.2000000000000002,0.050799999999999998,39.600000000000001,0.0015268899999999999,130.197,G047
791,2000,4.2000000000000002,0.050799999999999998,39.600000000000001,0.0015268899999999999,132.58699999999999,G047
792,2500,4.2000000000000002,0.050799999999999998,39.600000000000001,0.0015268899999999999,133.84700000000001,G047
793,3150,4.2000000000000002,0.050799999999999998,39.600000000000001,0.0015268899999999999,133.58699999999999,G047
794,4000,4.2000000000000002,0.050799999999999998,39.600000000000001,0.0015268899999999999,131.80699999999999,G047
795,5000,4.2000000000000002,0.050799999999999998,39.600000000000001,0.0015268899999999999,129.77699999999999,G047
796,6300,4.2000000000000002,0.050799999999999998,39.600000000000001,0.0015268899999999999,125.717,G047
797,8000,4.2000000000000002,0.050799999999999998,39.600000000000001,0.0015268899999999999,120.39700000000001,G047
798,10000,4.2000000000000002,0.050799999999999998,39.600000000000001,0.0015268899999999999,116.967,G047
799,800,8.4000000000000004,0.050799999999999998,71.299999999999997,0.0052951400000000003,127.556,G072
800,1000,8.4000000000000004,0.050799999999999998,71.299999999999997,0.0052951400000000003,129.946,G072
801,1250,8.4000000000000004,0.050799999999999998,71.299999999999997,0.0052951400000000003,132.08600000000001,G072
802,1600,8.4000000000000004,0.050799999999999998,71.299999999999997,0.0052951400000000003,133.846,G072
803,2000,8.4000000000000004,0.050799999999999998,71.299999999999997,0.0052951400000000003,134.476,G072
804,2500,8.4000000000000004,0.050799999999999998,71.299999999999997,0.0052951400000000003,134.226,G072
805,3150,8.4000000000000004,0.050799999999999998,71.299999999999997,0.0052951400000000003,131.96600000000001,G072
806,4000,8.4000000000000004,0.050799999999999998,71.299999999999997,0.0052951400000000003,126.926,G072
807,5000,8.4000000000000004,0.050799999999999998,71.299999999999997,0.0052951400000000003,121.146,G072
808,400,8.4000000000000004,0.050799999999999998,55.5,0.00544854,121.58199999999999,G071
809,500,8.4000000000000004,0.050799999999999998,55.5,0.00544854,123.742,G071
810,630,8.4000000000000004,0.050799999999999998,55.5,0.00544854,126.152,G071
811,800,8.4000000000000004,0.050799999999999998,55.5,0.00544854,128.56200000000001,G071
812,1000,8.4000000000000004,0.050799999999999998,55.5,0.00544854,130.72200000000001,G071
813,1250,8.4000000000000004,0.050799999999999998,55.5,0.00544854,132.25200000000001,G071
814,1600,8.4000000000000004,0.050799999999999998,55.5,0.00544854,133.03200000000001,G071
815,2000,8.4000000000000004,0.050799999999999998,55.5,0.00544854,133.042,G071
816,2500,8.4000000000000004,0.050799999999999998,55.5,0.00544854,131.542,G071
817,3150,8.4000000000000004,0.050799999999999998,55.5,0.00544854,128.40199999999999,G071
818,4000,8.4000000000000004,0.050799999999999998,55.5,0.00544854,122.61199999999999,G071
819,5000,8.4000000000000004,0.050799999999999998,55.5,0.00544854,115.812,G071
820,400,8.4000000000000004,0.050799999999999998,39.600000000000001,0.0056622900000000004,120.015,G070
821,500,8.4000000000000004,0.050799999999999998,39.600000000000001,0.0056622900000000004,122.905,G070
822,630,8.4000000000000004,0.050799999999999998,39.600000000000001,0.0056622900000000004,126.045,G070
823,800,8.4000000000000004,0.050799999999999998,39.600000000000001,0.0056622900000000004,128.435,G070
824,1000,8.4000000000000004,0.050799999999999998,39.600000000000001,0.0056622900000000004,130.19499999999999,G070
825,1250,8.4000000000000004,0.050799999999999998,39.600000000000001,0.0056622900000000004,131.20500000000001,G070
826,1600,8.4000000000000004,0.050799999999999998,39.600000000000001,0.0056622900000000004,130.965,G070
827,2000,8.4000000000000004,0.050799999999999998,39.600000000000001,0.0056622900000000004,129.965,G070
828,2500,8.4000000000000004,0.050799999999999998,39.600000000000001,0.0056622900000000004,127.465,G070
829,3150,8.4000000000000004,0.050799999999999998,39.600000000000001,0.0056622900000000004,123.965,G070
830,4000,8.4000000000000004,0.050799999999999998,39.600000000000001,0.0056622900000000004,118.955,G070
831,400,8.4000000000000004,0.050799999999999998,31.699999999999999,0.0058077600000000004,120.07599999999999,G069
832,500,8.4000000000000004,0.050799999999999998,31.699999999999999,0.0058077600000000004,122.96599999999999,G069
833,630,8.4000000000000004,0.050799999999999998,31.699999999999999,0.0058077600000000004,125.85599999999999,G069
834,800,8.4000000000000004,0.050799999999999998,31.699999999999999,0.0058077600000000004,128.24600000000001,G069
835,1000,8.4000000000000004,0.050799999999999998,31.699999999999999,0.0058077600000000004,129.51599999999999,G069
836,1250,8.4000000000000004,0.050799999999999998,31.699999999999999,0.0058077600000000004,130.15600000000001,G069
837,1600,8.4000000000000004,0.050799999999999998,31.699999999999999,0.0058077600000000004,129.29599999999999,G069
838,2000,8.4000000000000004,0.050799999999999998,31.699999999999999,0.0058077600000000004,127.68600000000001,G069
839,2500,8.4000000000000004,0.050799999999999998,31.699999999999999,0.0058077600000000004,125.57599999999999,G069
840,3150,8.4000000000000004,0.050799999999999998,31.699999999999999,0.0058077600000000004,122.086,G069
841,4000,8.4000000000000004,0.050799999999999998,31.699999999999999,0.0058077600000000004,118.10599999999999,G069
842,200,11.199999999999999,0.050799999999999998,71.299999999999997,0.014071999999999999,125.941,G084
843,250,11.199999999999999,0.050799999999999998,71.299999999999997,0.014071999999999999,127.101,G084
844,315,11.199999999999999,0.050799999999999998,71.299999999999997,0.014071999999999999,128.381,G084
845,400,11.199999999999999,0.050799999999999998,71.299999999999997,0.014071999999999999,129.28100000000001,G084
846,500,11.199999999999999,0.050799999999999998,71.299999999999997,0.014071999999999999,130.31100000000001,G084
847,630,11.199999999999999,0.050799999999999998,71.299999999999997,0.014071999999999999,133.61099999999999,G084
848,800,11.199999999999999,0.050799999999999998,71.299999999999997,0.014071999999999999,136.03100000000001,G084
849,1000,11.199999999999999,0.050799999999999998,71.299999999999997,0.014071999999999999,136.941,G084
850,1250,11.199999999999999,0.050799999999999998,71.299999999999997,0.014071999999999999,136.191,G084
851,1600,11.199999999999999,0.050799999999999998,71.299999999999997,0.014071999999999999,135.191,G084
852,2000,11.199999999999999,0.050799999999999998,71.299999999999997,0.014071999999999999,133.31100000000001,G084
853,2500,11.199999999999999,0.050799999999999998,71.299999999999997,0.014071999999999999,130.541,G084
854,3150,11.199999999999999,0.050799999999999998,71.299999999999997,0.014071999999999999,127.14100000000001,G084
855,4000,11.199999999999999,0.050799999999999998,71.299999999999997,0.014071999999999999,122.471,G084
856,200,11.199999999999999,0.050799999999999998,39.600000000000001,0.0150478,125.01000000000001,G083
857,250,11.199999999999999,0.050799999999999998,39.600000000000001,0.0150478,126.43000000000001,G083
858,315,11.199999999999999,0.050799999999999998,39.600000000000001,0.0150478,128.99000000000001,G083
859,400,11.199999999999999,0.050799999999999998,39.600000000000001,0.0150478,130.66999999999999,G083
860,500,11.199999999999999,0.050799999999999998,39.600000000000001,0.0150478,131.96000000000001,G083
861,630,11.199999999999999,0.050799999999999998,39.600000000000001,0.0150478,133.13,G083
862,800,11.199999999999999,0.050799999999999998,39.600000000000001,0.0150478,133.78999999999999,G083
863,1000,11.199999999999999,0.050799999999999998,39.600000000000001,0.0150478,132.43000000000001,G083
864,1250,11.199999999999999,0.050799999999999998,39.600000000000001,0.0150478,130.05000000000001,G083
865,1600,11.199999999999999,0.050799999999999998,39.600000000000001,0.0150478,126.54000000000001,G083
866,2000,11.199999999999999,0.050799999999999998,39.600000000000001,0.0150478,124.42,G083
867,2500,11.199999999999999,0.050799999999999998,39.600000000000001,0.0150478,122.17,G083
868,3150,11.199999999999999,0.050799999999999998,39.600000000000001,0.0150478,119.67,G083
869,4000,11.199999999999999,0.050799999999999998,39.600000000000001,0.0150478,115.52,G083
870,200,15.4,0.050799999999999998,71.299999999999997,0.0264269,123.595,G096
871,250,15.4,0.050799999999999998,71.299999999999997,0.0264269,124.83499999999999,G096
872,315,15.4,0.050799999999999998,71.299999999999997,0.0264269,126.19499999999999,G096
873,400,15.4,0.050799999999999998,71.299999999999997,0.0264269,126.80500000000001,G096
874,500,15.4,0.050799999999999998,71.299999999999997,0.0264269,127.285,G096
875,630,15.4,0.050799999999999998,71.299999999999997,0.0264269,129.64500000000001,G096
876,800,15.4,0.050799999999999998,71.299999999999997,0.0264269,131.51499999999999,G096
877,1000,15.4,0.050799999999999998,71.299999999999997,0.0264269,131.86500000000001,G096
878,1250,15.4,0.050799999999999998,71.299999999999997,0.0264269,130.845,G096
879,1600,15.4,0.050799999999999998,71.299999999999997,0.0264269,130.065,G096
880,2000,15.4,0.050799999999999998,71.299999999999997,0.0264269,129.285,G096
881,2500,15.4,0.050799999999999998,71.299999999999997,0.0264269,127.625,G096
882,3150,15.4,0.050799999999999998,71.299999999999997,0.0264269,125.715,G096
883,4000,15.4,0.050799999999999998,71.299999999999997,0.0264269,122.675,G096
884,5000,15.4,0.050799999999999998,71.299999999999997,0.0264269,119.13500000000001,G096
885,6300,15.4,0.050799999999999998,71.299999999999997,0.0264269,115.215,G096
886,8000,15.4,0.050799999999999998,71.299999999999997,0.0264269,112.675,G096
887,200,15.4,0.050799999999999998,55.5,0.027192500000000001,122.94,G095
888,250,15.4,0.050799999999999998,55.5,0.027192500000000001,124.17,G095
889,315,15.4,0.050799999999999998,55.5,0.027192500000000001,125.39,G095
890,400,15.4,0.050799999999999998,55.5,0.027192500000000001,126.5,G095
891,500,15.4,0.050799999999999998,55.5,0.027192500000000001,127.22,G095
892,630,15.4,0.050799999999999998,55.5,0.027192500000000001,129.33000000000001,G095
893,800,15.4,0.050799999999999998,55.5,0.027192500000000001,130.43000000000001,G095
894,1000,15.4,0.050799999999999998,55.5,0.027192500000000001,130.40000000000001,G095
895,1250,15.4,0.050799999999999998,55.5,0.027192500000000001,130,G095
896,1600,15.4,0.050799999999999998,55.5,0.027192500000000001,128.19999999999999,G095
897,2000,15.4,0.050799999999999998,55.5,0.027192500000000001,127.04000000000001,G095
898,2500,15.4,0.050799999999999998,55.5,0.027192500000000001,125.63,G095
899,3150,15.4,0.050799999999999998,55.5,0.027192500000000001,123.45999999999999,G095
900,4000,15.4,0.050799999999999998,55.5,0.027192500000000001,120.92,G095
901,5000,15.4,0.050799999999999998,55.5,0.027192500000000001,117.11,G095
902,6300,15.4,0.050799999999999998,55.5,0.027192500000000001,112.93000000000001,G095
903,200,15.4,0.050799999999999998,39.600000000000001,0.028259300000000001,121.783,G094
904,250,15.4,0.050799999999999998,39.600000000000001,0.028259300000000001,122.893,G094
905,315,15.4,0.050799999999999998,39.600000000000001,0.028259300000000001,124.49299999999999,G094
906,400,15.4,0.050799999999999998,39.600000000000001,0.028259300000000001,125.35299999999999,G094
907,500,15.4,0.050799999999999998,39.600000000000001,0.028259300000000001,125.96299999999999,G094
908,630,15.4,0.050799999999999998,39.600000000000001,0.028259300000000001,127.443,G094
909,800,15.4,0.050799999999999998,39.600000000000001,0.028259300000000001,128.423,G094
910,1000,15.4,0.050799999999999998,39.600000000000001,0.028259300000000001,127.893,G094
911,1250,15.4,0.050799999999999998,39.600000000000001,0.028259300000000001,126.74299999999999,G094
912,1600,15.4,0.050799999999999998,39.600000000000001,0.028259300000000001,124.843,G094
913,2000,15.4,0.050799999999999998,39.600000000000001,0.028259300000000001,123.443,G094
914,2500,15.4,0.050799999999999998,39.600000000000001,0.028259300000000001,122.413,G094
915,3150,15.4,0.050799999999999998,39.600000000000001,0.028259300000000001,120.51300000000001,G094
916,4000,15.4,0.050799999999999998,39.600000000000001,0.028259300000000001,118.113,G094
917,5000,15.4,0.050799999999999998,39.600000000000001,0.028259300000000001,114.453,G094
918,6300,15.4,0.050799999999999998,39.600000000000001,0.028259300000000001,109.663,G094
919,200,15.4,0.050799999999999998,31.699999999999999,0.028985299999999999,119.97499999999999,G093
920,250,15.4,0.050799999999999998,31.699999999999999,0.028985299999999999,121.22499999999999,G093
921,315,15.4,0.050799999999999998,31.699999999999999,0.028985299999999999,122.845,G093
922,400,15.4,0.050799999999999998,31.699999999999999,0.028985299999999999,123.705,G093
923,500,15.4,0.050799999999999998,31.699999999999999,0.028985299999999999,123.69499999999999,G093
924,630,15.4,0.050799999999999998,31.699999999999999,0.028985299999999999,124.685,G093
925,800,15.4,0.050799999999999998,31.699999999999999,0.028985299999999999,125.55500000000001,G093
926,1000,15.4,0.050799999999999998,31.699999999999999,0.028985299999999999,124.52500000000001,G093
927,1250,15.4,0.050799999999999998,31.699999999999999,0.028985299999999999,123.255,G093
928,1600,15.4,0.050799999999999998,31.699999999999999,0.028985299999999999,121.485,G093
929,2000,15.4,0.050799999999999998,31.699999999999999,0.028985299999999999,120.83499999999999,G093
930,2500,15.4,0.050799999999999998,31.699999999999999,0.028985299999999999,119.94499999999999,G093
931,3150,15.4,0.050799999999999998,31.699999999999999,0.028985299999999999,118.045,G093
932,4000,15.4,0.050799999999999998,31.699999999999999,0.028985299999999999,115.63500000000001,G093
933,5000,15.4,0.050799999999999998,31.699999999999999,0.028985299999999999,112.355,G093
934,6300,15.4,0.050799999999999998,31.699999999999999,0.028985299999999999,108.185,G093
935,200,19.699999999999999,0.050799999999999998,71.299999999999997,0.034118299999999997,118.005,G104
936,250,19.699999999999999,0.050799999999999998,71.299999999999997,0.034118299999999997,119.11499999999999,G104
937,315,19.699999999999999,0.050799999999999998,71.299999999999997,0.034118299999999997,121.235,G104
938,400,19.699999999999999,0.050799999999999998,71.299999999999997,0.034118299999999997,123.86499999999999,G104
939,500,19.699999999999999,0.050799999999999998,71.299999999999997,0.034118299999999997,126.995,G104
940,630,19.699999999999999,0.050799999999999998,71.299999999999997,0.034118299999999997,128.36500000000001,G104
941,800,19.699999999999999,0.050799999999999998,71.299999999999997,0.034118299999999997,124.55500000000001,G104
942,1000,19.699999999999999,0.050799999999999998,71.299999999999997,0.034118299999999997,121.88500000000001,G104
943,1250,19.699999999999999,0.050799999999999998,71.299999999999997,0.034118299999999997,121.485,G104
944,1600,19.699999999999999,0.050799999999999998,71.299999999999997,0.034118299999999997,120.575,G104
945,2000,19.699999999999999,0.050799999999999998,71.299999999999997,0.034118299999999997,120.05500000000001,G104
946,2500,19.699999999999999,0.050799999999999998,71.299999999999997,0.034118299999999997,118.38500000000001,G104
947,3150,19.699999999999999,0.050799999999999998,71.299999999999997,0.034118299999999997,116.22499999999999,G104
948,4000,19.699999999999999,0.050799999999999998,71.299999999999997,0.034118299999999997,113.045,G104
949,200,19.699999999999999,0.050799999999999998,39.600000000000001,0.036484000000000003,125.974,G103
950,250,19.699999999999999,0.050799999999999998,39.600000000000001,0.036484000000000003,127.224,G103
951,315,19.699999999999999,0.050799999999999998,39.600000000000001,0.036484000000000003,129.864,G103
952,400,19.699999999999999,0.050799999999999998,39.600000000000001,0.036484000000000003,130.614,G103
953,500,19.699999999999999,0.050799999999999998,39.600000000000001,0.036484000000000003,128.44399999999999,G103
954,630,19.699999999999999,0.050799999999999998,39.600000000000001,0.036484000000000003,120.324,G103
955,800,19.699999999999999,0.050799999999999998,39.600000000000001,0.036484000000000003,119.17400000000001,G103
956,1000,19.699999999999999,0.050799999999999998,39.600000000000001,0.036484000000000003,118.904,G103
957,1250,19.699999999999999,0.050799999999999998,39.600000000000001,0.036484000000000003,118.634,G103
958,1600,19.699999999999999,0.050799999999999998,39.600000000000001,0.036484000000000003,117.604,G103
959,2000,19.699999999999999,0.050799999999999998,39.600000000000001,0.036484000000000003,117.724,G103
960,2500,19.699999999999999,0.050799999999999998,39.600000000000001,0.036484000000000003,116.184,G103
961,3150,19.699999999999999,0.050799999999999998,39.600000000000001,0.036484000000000003,113.004,G103
962,4000,19.699999999999999,0.050799999999999998,39.600000000000001,0.036484000000000003,108.684,G103
963,2500,0,0.025399999999999999,71.299999999999997,0.00040068200000000002,133.70699999999999,G004
964,3150,0,0.025399999999999999,71.299999999999997,0.00040068200000000002,137.00700000000001,G004
965,4000,0,0.025399999999999999,71.299999999999997,0.00040068200000000002,138.55699999999999,G004
966,5000,0,0.025399999999999999,71.299999999999997,0.00040068200000000002,136.83699999999999,G004
967,6300,0,0.025399999999999999,71.299999999999997,0.00040068200000000002,134.98699999999999,G004
968,8000,0,0.025399999999999999,71.299999999999997,0.00040068200000000002,129.86699999999999,G004
969,10000,0,0.025399999999999999,71.299999999999997,0.00040068200000000002,130.78700000000001,G004
970,12500,0,0.025399999999999999,71.299999999999997,0.00040068200000000002,133.20699999999999,G004
971,16000,0,0.025399999999999999,71.299999999999997,0.00040068200000000002,130.477,G004
972,20000,0,0.025399999999999999,71.299999999999997,0.00040068200000000002,123.217,G004
973,2000,0,0.025399999999999999,55.5,0.00041229,127.623,G003
974,2500,0,0.025399999999999999,55.5,0.00041229,130.07300000000001,G003
975,3150,0,0.025399999999999999,55.5,0.00041229,130.50299999999999,G003
976,4000,0,0.025399999999999999,55.5,0.00041229,133.22300000000001,G003
977,5000,0,0.025399999999999999,55.5,0.00041229,135.803,G003
978,6300,0,0.025399999999999999,55.5,0.00041229,136.10300000000001,G003
979,8000,0,0.025399999999999999,55.5,0.00041229,136.16300000000001,G003
980,10000,0,0.025399999999999999,55.5,0.00041229,134.56299999999999,G003
981,12500,0,0.025399999999999999,55.5,0.00041229,131.453,G003
982,16000,0,0.025399999999999999,55.5,0.00041229,125.68300000000001,G003
983,20000,0,0.025399999999999999,55.5,0.00041229,121.93300000000001,G003
984,1600,0,0.025399999999999999,39.600000000000001,0.00042846399999999998,124.15600000000001,G002
985,2000,0,0.025399999999999999,39.600000000000001,0.00042846399999999998,130.02600000000001,G002
986,2500,0,0.025399999999999999,39.600000000000001,0.00042846399999999998,131.83600000000001,G002
987,3150,0,0.025399999999999999,39.600000000000001,0.00042846399999999998,133.27600000000001,G002
988,4000,0,0.025399999999999999,39.600000000000001,0.00042846399999999998,135.346,G002
989,5000,0,0.025399999999999999,39.600000000000001,0.00042846399999999998,136.536,G002
990,6300,0,0.025399999999999999,39.600000000000001,0.00042846399999999998,136.82599999999999,G002
991,8000,0,0.025399999999999999,39.600000000000001,0.00042846399999999998,135.86600000000001,G002
992,10000,0,0.025399999999999999,39.600000000000001,0.00042846399999999998,133.376,G002
993,12500,0,0.025399999999999999,39.600000000000001,0.00042846399999999998,129.11600000000001,G002
994,16000,0,0.025399999999999999,39.600000000000001,0.00042846399999999998,124.986,G002
995,1000,0,0.025399999999999999,31.699999999999999,0.000439472,125.127,G001
996,1250,0,0.025399999999999999,31.699999999999999,0.000439472,127.947,G001
997,1600,0,0.025399999999999999,31.699999999999999,0.000439472,129.267,G001
998,2000,0,0.025399999999999999,31.699999999999999,0.000439472,130.697,G001
999,2500,0,0.025399999999999999,31.699999999999999,0.000439472,132.89699999999999,G001
1000,3150,0,0.025399999999999999,31.699999999999999,0.000439472,135.227,G001
1001,4000,0,0.025399999999999999,31.699999999999999,0.000439472,137.047,G001
1002,5000,0,0.025399999999999999,31.699999999999999,0.000439472,138.607,G001
1003,6300,0,0.025399999999999999,31.699999999999999,0.000439472,138.53700000000001,G001
1004,8000,0,0.025399999999999999,31.699999999999999,0.000439472,137.20699999999999,G001
1005,10000,0,0.025399999999999999,31.699999999999999,0.000439472,134.227,G001
1006,12500,0,0.025399999999999999,31.699999999999999,0.000439472,128.977,G001
1007,16000,0,0.025399999999999999,31.699999999999999,0.000439472,125.627,G001
1008,2000,4.7999999999999998,0.025399999999999999,71.299999999999997,0.000848633,128.398,G052
1009,2500,4.7999999999999998,0.025399999999999999,71.299999999999997,0.000848633,130.828,G052
1010,3150,4.7999999999999998,0.025399999999999999,71.299999999999997,0.000848633,133.37799999999999,G052
1011,4000,4.7999999999999998,0.025399999999999999,71.299999999999997,0.000848633,134.928,G052
1012,5000,4.7999999999999998,0.025399999999999999,71.299999999999997,0.000848633,135.46799999999999,G052
1013,6300,4.7999999999999998,0.025399999999999999,71.299999999999997,0.000848633,134.49799999999999,G052
1014,8000,4.7999999999999998,0.025399999999999999,71.299999999999997,0.000848633,131.518,G052
1015,10000,4.7999999999999998,0.025399999999999999,71.299999999999997,0.000848633,127.398,G052
1016,12500,4.7999999999999998,0.025399999999999999,71.299999999999997,0.000848633,127.688,G052
1017,16000,4.7999999999999998,0.025399999999999999,71.299999999999997,0.000848633,124.208,G052
1018,20000,4.7999999999999998,0.025399999999999999,71.299999999999997,0.000848633,119.708,G052
1019,1600,4.7999999999999998,0.025399999999999999,55.5,0.00087321800000000004,121.474,G051
1020,2000,4.7999999999999998,0.025399999999999999,55.5,0.00087321800000000004,125.054,G051
1021,2500,4.7999999999999998,0.025399999999999999,55.5,0.00087321800000000004,129.14400000000001,G051
1022,3150,4.7999999999999998,0.025399999999999999,55.5,0.00087321800000000004,132.35400000000001,G051
1023,4000,4.7999999999999998,0.025399999999999999,55.5,0.00087321800000000004,133.92400000000001,G051
1024,5000,4.7999999999999998,0.025399999999999999,55.5,0.00087321800000000004,135.48400000000001,G051
1025,6300,4.7999999999999998,0.025399999999999999,55.5,0.00087321800000000004,135.16399999999999,G051
1026,8000,4.7999999999999998,0.025399999999999999,55.5,0.00087321800000000004,132.184,G051
1027,10000,4.7999999999999998,0.025399999999999999,55.5,0.00087321800000000004,126.944,G051
1028,12500,4.7999999999999998,0.025399999999999999,55.5,0.00087321800000000004,125.09399999999999,G051
1029,16000,4.7999999999999998,0.025399999999999999,55.5,0.00087321800000000004,124.39400000000001,G051
1030,20000,4.7999999999999998,0.025399999999999999,55.5,0.00087321800000000004,121.28400000000001,G051
1031,500,4.7999999999999998,0.025399999999999999,39.600000000000001,0.00090747500000000004,116.366,G050
1032,630,4.7999999999999998,0.025399999999999999,39.600000000000001,0.00090747500000000004,118.696,G050
1033,800,4.7999999999999998,0.025399999999999999,39.600000000000001,0.00090747500000000004,120.76600000000001,G050
1034,1000,4.7999999999999998,0.025399999999999999,39.600000000000001,0.00090747500000000004,122.956,G050
1035,1250,4.7999999999999998,0.025399999999999999,39.600000000000001,0.00090747500000000004,125.026,G050
1036,1600,4.7999999999999998,0.025399999999999999,39.600000000000001,0.00090747500000000004,125.96599999999999,G050
1037,2000,4.7999999999999998,0.025399999999999999,39.600000000000001,0.00090747500000000004,128.916,G050
1038,2500,4.7999999999999998,0.025399999999999999,39.600000000000001,0.00090747500000000004,131.23599999999999,G050
1039,3150,4.7999999999999998,0.025399999999999999,39.600000000000001,0.00090747500000000004,133.43600000000001,G050
1040,4000,4.7999999999999998,0.025399999999999999,39.600000000000001,0.00090747500000000004,134.99600000000001,G050
1041,5000,4.7999999999999998,0.025399999999999999,39.600000000000001,0.00090747500000000004,135.42599999999999,G050
1042,6300,4.7999999999999998,0.025399999999999999,39.600000000000001,0.00090747500000000004,134.33600000000001,G050
1043,8000,4.7999999999999998,0.025399999999999999,39.600000000000001,0.00090747500000000004,131.346,G050
1044,10000,4.7999999999999998,0.025399999999999999,39.600000000000001,0.00090747500000000004,126.066,G050
1045,500,4.7999999999999998,0.025399999999999999,31.699999999999999,0.00093078900000000001,116.128,G049
1046,630,4.7999999999999998,0.025399999999999999,31.699999999999999,0.00093078900000000001,120.078,G049
1047,800,4.7999999999999998,0.025399999999999999,31.699999999999999,0.00093078900000000001,122.648,G049
1048,1000,4.7999999999999998,0.025399999999999999,31.699999999999999,0.00093078900000000001,125.348,G049
1049,1250,4.7999999999999998,0.025399999999999999,31.699999999999999,0.00093078900000000001,127.408,G049
1050,1600,4.7999999999999998,0.025399999999999999,31.699999999999999,0.00093078900000000001,128.71799999999999,G049
1051,2000,4.7999999999999998,0.025399999999999999,31.699999999999999,0.00093078900000000001,130.148,G049
1052,2500,4.7999999999999998,0.025399999999999999,31.699999999999999,0.00093078900000000001,132.58799999999999,G049
1053,3150,4.7999999999999998,0.025399999999999999,31.699999999999999,0.00093078900000000001,134.268,G049
1054,4000,4.7999999999999998,0.025399999999999999,31.699999999999999,0.00093078900000000001,135.328,G049
1055,5000,4.7999999999999998,0.025399999999999999,31.699999999999999,0.00093078900000000001,135.24799999999999,G049
1056,6300,4.7999999999999998,0.025399999999999999,31.699999999999999,0.00093078900000000001,132.898,G049
1057,8000,4.7999999999999998,0.025399999999999999,31.699999999999999,0.00093078900000000001,127.008,G049
1058,630,9.5,0.025399999999999999,71.299999999999997,0.0042065399999999999,125.726,G078
1059,800,9.5,0.025399999999999999,71.299999999999997,0.0042065399999999999,127.206,G078
1060,1000,9.5,0.025399999999999999,71.299999999999997,0.0042065399999999999,129.55600000000001,G078
1061,1250,9.5,0.025399999999999999,71.299999999999997,0.0042065399999999999,131.65600000000001,G078
1062,1600,9.5,0.025399999999999999,71.299999999999997,0.0042065399999999999,133.756,G078
1063,2000,9.5,0.025399999999999999,71.299999999999997,0.0042065399999999999,134.976,G078
1064,2500,9.5,0.025399999999999999,71.299999999999997,0.0042065399999999999,135.95599999999999,G078
1065,3150,9.5,0.025399999999999999,71.299999999999997,0.0042065399999999999,136.166,G078
1066,4000,9.5,0.025399999999999999,71.299999999999997,0.0042065399999999999,134.23599999999999,G078
1067,5000,9.5,0.025399999999999999,71.299999999999997,0.0042065399999999999,131.18600000000001,G078
1068,6300,9.5,0.025399999999999999,71.299999999999997,0.0042065399999999999,127.246,G078
1069,400,9.5,0.025399999999999999,55.5,0.0043283999999999996,120.952,G077
1070,500,9.5,0.025399999999999999,55.5,0.0043283999999999996,123.08199999999999,G077
1071,630,9.5,0.025399999999999999,55.5,0.0043283999999999996,125.452,G077
1072,800,9.5,0.025399999999999999,55.5,0.0043283999999999996,128.08199999999999,G077
1073,1000,9.5,0.025399999999999999,55.5,0.0043283999999999996,130.33199999999999,G077
1074,1250,9.5,0.025399999999999999,55.5,0.0043283999999999996,132.202,G077
1075,1600,9.5,0.025399999999999999,55.5,0.0043283999999999996,133.06200000000001,G077
1076,2000,9.5,0.025399999999999999,55.5,0.0043283999999999996,134.05199999999999,G077
1077,2500,9.5,0.025399999999999999,55.5,0.0043283999999999996,134.15199999999999,G077
1078,3150,9.5,0.025399999999999999,55.5,0.0043283999999999996,133.25200000000001,G077
1079,4000,9.5,0.025399999999999999,55.5,0.0043283999999999996,131.58199999999999,G077
1080,5000,9.5,0.025399999999999999,55.5,0.0043283999999999996,128.41200000000001,G077
1081,6300,9.5,0.025399999999999999,55.5,0.0043283999999999996,124.22199999999999,G077
1082,200,9.5,0.025399999999999999,39.600000000000001,0.0044982099999999999,116.074,G076
1083,250,9.5,0.025399999999999999,39.600000000000001,0.0044982099999999999,116.92400000000001,G076
1084,315,9.5,0.025399999999999999,39.600000000000001,0.0044982099999999999,119.294,G076
1085,400,9.5,0.025399999999999999,39.600000000000001,0.0044982099999999999,121.154,G076
1086,500,9.5,0.025399999999999999,39.600000000000001,0.0044982099999999999,123.89400000000001,G076
1087,630,9.5,0.025399999999999999,39.600000000000001,0.0044982099999999999,126.514,G076
1088,800,9.5,0.025399999999999999,39.600000000000001,0.0044982099999999999,129.01400000000001,G076
1089,1000,9.5,0.025399999999999999,39.600000000000001,0.0044982099999999999,130.374,G076
1090,1250,9.5,0.025399999999999999,39.600000000000001,0.0044982099999999999,130.964,G076
1091,1600,9.5,0.025399999999999999,39.600000000000001,0.0044982099999999999,131.184,G076
1092,2000,9.5,0.025399999999999999,39.600000000000001,0.0044982099999999999,131.274,G076
1093,2500,9.5,0.025399999999999999,39.600000000000001,0.0044982099999999999,131.23400000000001,G076
1094,3150,9.5,0.025399999999999999,39.600000000000001,0.0044982099999999999,129.934,G076
1095,4000,9.5,0.025399999999999999,39.600000000000001,0.0044982099999999999,127.864,G076
1096,5000,9.5,0.025399999999999999,39.600000000000001,0.0044982099999999999,125.044,G076
1097,6300,9.5,0.025399999999999999,39.600000000000001,0.0044982099999999999,120.324,G076
1098,200,9.5,0.025399999999999999,31.699999999999999,0.0046137699999999997,119.146,G075
1099,250,9.5,0.025399999999999999,31.699999999999999,0.0046137699999999997,120.136,G075
1100,315,9.5,0.025399999999999999,31.699999999999999,0.0046137699999999997,122.76600000000001,G075
1101,400,9.5,0.025399999999999999,31.699999999999999,0.0046137699999999997,124.756,G075
1102,500,9.5,0.025399999999999999,31.699999999999999,0.0046137699999999997,126.886,G075
1103,630,9.5,0.025399999999999999,31.699999999999999,0.0046137699999999997,129.006,G075
1104,800,9.5,0.025399999999999999,31.699999999999999,0.0046137699999999997,130.74600000000001,G075
1105,1000,9.5,0.025399999999999999,31.699999999999999,0.0046137699999999997,131.346,G075
1106,1250,9.5,0.025399999999999999,31.699999999999999,0.0046137699999999997,131.446,G075
1107,1600,9.5,0.025399999999999999,31.699999999999999,0.0046137699999999997,131.036,G075
1108,2000,9.5,0.025399999999999999,31.699999999999999,0.0046137699999999997,130.49600000000001,G075
1109,2500,9.5,0.025399999999999999,31.699999999999999,0.0046137699999999997,130.08600000000001,G075
1110,3150,9.5,0.025399999999999999,31.699999999999999,0.0046137699999999997,128.536,G075
1111,4000,9.5,0.025399999999999999,31.699999999999999,0.0046137699999999997,126.736,G075
1112,5000,9.5,0.025399999999999999,31.699999999999999,0.0046137699999999997,124.426,G075
1113,6300,9.5,0.025399999999999999,31.699999999999999,0.0046137699999999997,120.726,G075
1114,250,12.699999999999999,0.025399999999999999,71.299999999999997,0.0121808,119.69799999999999,G092
1115,315,12.699999999999999,0.025399999999999999,71.299999999999997,0.0121808,122.938,G092
1116,400,12.699999999999999,0.025399999999999999,71.299999999999997,0.0121808,125.048,G092
1117,500,12.699999999999999,0.025399999999999999,71.299999999999997,0.0121808,126.898,G092
1118,630,12.699999999999999,0.025399999999999999,71.299999999999997,0.0121808,128.87799999999999,G092
1119,800,12.699999999999999,0.025399999999999999,71.299999999999997,0.0121808,130.34800000000001,G092
1120,1000,12.699999999999999,0.025399999999999999,71.299999999999997,0.0121808,131.69800000000001,G092
1121,1250,12.699999999999999,0.025399999999999999,71.299999999999997,0.0121808,133.048,G092
1122,1600,12.699999999999999,0.025399999999999999,71.299999999999997,0.0121808,134.52799999999999,G092
1123,2000,12.699999999999999,0.025399999999999999,71.299999999999997,0.0121808,134.22800000000001,G092
1124,2500,12.699999999999999,0.025399999999999999,71.299999999999997,0.0121808,134.05799999999999,G092
1125,3150,12.699999999999999,0.025399999999999999,71.299999999999997,0.0121808,133.75800000000001,G092
1126,4000,12.699999999999999,0.025399999999999999,71.299999999999997,0.0121808,131.80799999999999,G092
1127,5000,12.699999999999999,0.025399999999999999,71.299999999999997,0.0121808,128.97800000000001,G092
1128,6300,12.699999999999999,0.025399999999999999,71.299999999999997,0.0121808,125.398,G092
1129,8000,12.699999999999999,0.025399999999999999,71.299999999999997,0.0121808,120.538,G092
1130,10000,12.699999999999999,0.025399999999999999,71.299999999999997,0.0121808,114.41800000000001,G092
1131,250,12.699999999999999,0.025399999999999999,39.600000000000001,0.0130253,121.547,G091
1132,315,12.699999999999999,0.025399999999999999,39.600000000000001,0.0130253,123.53700000000001,G091
1133,400,12.699999999999999,0.025399999999999999,39.600000000000001,0.0130253,125.527,G091
1134,500,12.699999999999999,0.025399999999999999,39.600000000000001,0.0130253,127.127,G091
1135,630,12.699999999999999,0.025399999999999999,39.600000000000001,0.0130253,128.86699999999999,G091
1136,800,12.699999999999999,0.025399999999999999,39.600000000000001,0.0130253,130.21700000000001,G091
1137,1000,12.699999999999999,0.025399999999999999,39.600000000000001,0.0130253,130.947,G091
1138,1250,12.699999999999999,0.025399999999999999,39.600000000000001,0.0130253,130.77699999999999,G091
1139,1600,12.699999999999999,0.025399999999999999,39.600000000000001,0.0130253,129.977,G091
1140,2000,12.699999999999999,0.025399999999999999,39.600000000000001,0.0130253,129.56700000000001,G091
1141,2500,12.699999999999999,0.025399999999999999,39.600000000000001,0.0130253,129.02699999999999,G091
1142,3150,12.699999999999999,0.025399999999999999,39.600000000000001,0.0130253,127.84699999999999,G091
1143,4000,12.699999999999999,0.025399999999999999,39.600000000000001,0.0130253,126.53700000000001,G091
1144,5000,12.699999999999999,0.025399999999999999,39.600000000000001,0.0130253,125.107,G091
1145,6300,12.699999999999999,0.025399999999999999,39.600000000000001,0.0130253,123.17700000000001,G091
1146,8000,12.699999999999999,0.025399999999999999,39.600000000000001,0.0130253,120.607,G091
1147,10000,12.699999999999999,0.025399999999999999,39.600000000000001,0.0130253,116.017,G091
1148,200,17.399999999999999,0.025399999999999999,71.299999999999997,0.016104,112.506,G102
1149,250,17.399999999999999,0.025399999999999999,71.299999999999997,0.016104,113.79600000000001,G102
1150,315,17.399999999999999,0.025399999999999999,71.299999999999997,0.016104,115.846,G102
1151,400,17.399999999999999,0.025399999999999999,71.299999999999997,0.016104,117.396,G102
1152,500,17.399999999999999,0.025399999999999999,71.299999999999997,0.016104,119.806,G102
1153,630,17.399999999999999,0.025399999999999999,71.299999999999997,0.016104,122.60599999999999,G102
1154,800,17.399999999999999,0.025399999999999999,71.299999999999997,0.016104,124.276,G102
1155,1000,17.399999999999999,0.025399999999999999,71.299999999999997,0.016104,125.816,G102
1156,1250,17.399999999999999,0.025399999999999999,71.299999999999997,0.016104,126.35599999999999,G102
1157,1600,17.399999999999999,0.025399999999999999,71.299999999999997,0.016104,126.40600000000001,G102
1158,2000,17.399999999999999,0.025399999999999999,71.299999999999997,0.016104,126.82599999999999,G102
1159,2500,17.399999999999999,0.025399999999999999,71.299999999999997,0.016104,126.746,G102
1160,3150,17.399999999999999,0.025399999999999999,71.299999999999997,0.016104,126.536,G102
1161,4000,17.399999999999999,0.025399999999999999,71.299999999999997,0.016104,125.586,G102
1162,5000,17.399999999999999,0.025399999999999999,71.299999999999997,0.016104,123.126,G102
1163,6300,17.399999999999999,0.025399999999999999,71.299999999999997,0.016104,119.916,G102
1164,8000,17.399999999999999,0.025399999999999999,71.299999999999997,0.016104,115.46599999999999,G102
1165,200,17.399999999999999,0.025399999999999999,55.5,0.016570600000000001,109.95099999999999,G101
1166,250,17.399999999999999,0.025399999999999999,55.5,0.016570600000000001,110.491,G101
1167,315,17.399999999999999,0.025399999999999999,55.5,0.016570600000000001,111.911,G101
1168,400,17.399999999999999,0.025399999999999999,55.5,0.016570600000000001,115.461,G101
1169,500,17.399999999999999,0.025399999999999999,55.5,0.016570600000000001,119.621,G101
1170,630,17.399999999999999,0.025399999999999999,55.5,0.016570600000000001,122.411,G101
1171,800,17.399999999999999,0.025399999999999999,55.5,0.016570600000000001,123.09099999999999,G101
1172,1000,17.399999999999999,0.025399999999999999,55.5,0.016570600000000001,126.001,G101
1173,1250,17.399999999999999,0.025399999999999999,55.5,0.016570600000000001,129.30099999999999,G101
1174,1600,17.399999999999999,0.025399999999999999,55.5,0.016570600000000001,126.471,G101
1175,2000,17.399999999999999,0.025399999999999999,55.5,0.016570600000000001,125.261,G101
1176,2500,17.399999999999999,0.025399999999999999,55.5,0.016570600000000001,124.931,G101
1177,3150,17.399999999999999,0.025399999999999999,55.5,0.016570600000000001,124.101,G101
1178,4000,17.399999999999999,0.025399999999999999,55.5,0.016570600000000001,121.771,G101
1179,5000,17.399999999999999,0.025399999999999999,55.5,0.016570600000000001,118.941,G101
1180,6300,17.399999999999999,0.025399999999999999,55.5,0.016570600000000001,114.861,G101
1181,200,17.399999999999999,0.025399999999999999,39.600000000000001,0.017220599999999999,114.044,G100
1182,250,17.399999999999999,0.025399999999999999,39.600000000000001,0.017220599999999999,114.714,G100
1183,315,17.399999999999999,0.025399999999999999,39.600000000000001,0.017220599999999999,115.14400000000001,G100
1184,400,17.399999999999999,0.025399999999999999,39.600000000000001,0.017220599999999999,115.444,G100
1185,500,17.399999999999999,0.025399999999999999,39.600000000000001,0.017220599999999999,117.514,G100
1186,630,17.399999999999999,0.025399999999999999,39.600000000000001,0.017220599999999999,124.514,G100
1187,800,17.399999999999999,0.025399999999999999,39.600000000000001,0.017220599999999999,135.32400000000001,G100
1188,1000,17.399999999999999,0.025399999999999999,39.600000000000001,0.017220599999999999,138.274,G100
1189,1250,17.399999999999999,0.025399999999999999,39.600000000000001,0.017220599999999999,131.364,G100
1190,1600,17.399999999999999,0.025399999999999999,39.600000000000001,0.017220599999999999,127.614,G100
1191,2000,17.399999999999999,0.025399999999999999,39.600000000000001,0.017220599999999999,126.64400000000001,G100
1192,2500,17.399999999999999,0.025399999999999999,39.600000000000001,0.017220599999999999,124.154,G100
1193,3150,17.399999999999999,0.025399999999999999,39.600000000000001,0.017220599999999999,123.56399999999999,G100
1194,4000,17.399999999999999,0.025399999999999999,39.600000000000001,0.017220599999999999,122.724,G100
1195,5000,17.399999999999999,0.025399999999999999,39.600000000000001,0.017220599999999999,119.854,G100
1196,200,17.399999999999999,0.025399999999999999,31.699999999999999,0.017663100000000001,116.146,G099
1197,250,17.399999999999999,0.025399999999999999,31.699999999999999,0.017663100000000001,116.956,G099
1198,315,17.399999999999999,0.025399999999999999,31.699999999999999,0.017663100000000001,118.416,G099
1199,400,17.399999999999999,0.025399999999999999,31.699999999999999,0.017663100000000001,120.76600000000001,G099
1200,500,17.399999999999999,0.025399999999999999,31.699999999999999,0.017663100000000001,127.676,G099
1201,630,17.399999999999999,0.025399999999999999,31.699999999999999,0.017663100000000001,136.886,G099
1202,800,17.399999999999999,0.025399999999999999,31.699999999999999,0.017663100000000001,139.226,G099
1203,1000,17.399999999999999,0.025399999999999999,31.699999999999999,0.017663100000000001,131.79599999999999,G099
1204,1250,17.399999999999999,0.025399999999999999,31.699999999999999,0.017663100000000001,128.30600000000001,G099
1205,1600,17.399999999999999,0.025399999999999999,31.699999999999999,0.017663100000000001,126.846,G099
1206,2000,17.399999999999999,0.025399999999999999,31.699999999999999,0.017663100000000001,124.35599999999999,G099
1207,2500,17.399999999999999,0.025399999999999999,31.699999999999999,0.017663100000000001,124.166,G099
1208,3150,17.399999999999999,0.025399999999999999,31.699999999999999,0.017663100000000001,123.46599999999999,G099
1209,4000,17.399999999999999,0.025399999999999999,31.699999999999999,0.017663100000000001,121.996,G099
1210,5000,17.399999999999999,0.025399999999999999,31.699999999999999,0.017663100000000001,117.996,G099
1211,315,22.199999999999999,0.025399999999999999,71.299999999999997,0.021417800000000001,115.857,G106
1212,400,22.199999999999999,0.025399999999999999,71.299999999999997,0.021417800000000001,117.92700000000001,G106
1213,500,22.199999999999999,0.025399999999999999,71.299999999999997,0.021417800000000001,117.967,G106
1214,630,22.199999999999999,0.025399999999999999,71.299999999999997,0.021417800000000001,120.657,G106
1215,800,22.199999999999999,0.025399999999999999,71.299999999999997,0.021417800000000001,123.227,G106
1216,1000,22.199999999999999,0.025399999999999999,71.299999999999997,0.021417800000000001,134.24700000000001,G106
1217,1250,22.199999999999999,0.025399999999999999,71.299999999999997,0.021417800000000001,140.98699999999999,G106
1218,1600,22.199999999999999,0.025399999999999999,71.299999999999997,0.021417800000000001,131.81700000000001,G106
1219,2000,22.199999999999999,0.025399999999999999,71.299999999999997,0.021417800000000001,127.197,G106
1220,2500,22.199999999999999,0.025399999999999999,71.299999999999997,0.021417800000000001,126.09699999999999,G106
1221,3150,22.199999999999999,0.025399999999999999,71.299999999999997,0.021417800000000001,124.127,G106
1222,4000,22.199999999999999,0.025399999999999999,71.299999999999997,0.021417800000000001,123.917,G106
1223,5000,22.199999999999999,0.025399999999999999,71.299999999999997,0.021417800000000001,125.727,G106
1224,6300,22.199999999999999,0.025399999999999999,71.299999999999997,0.021417800000000001,123.127,G106
1225,8000,22.199999999999999,0.025399999999999999,71.299999999999997,0.021417800000000001,121.657,G106
1226,200,22.199999999999999,0.025399999999999999,39.600000000000001,0.022902800000000001,116.066,G105
1227,250,22.199999999999999,0.025399999999999999,39.600000000000001,0.022902800000000001,117.386,G105
1228,315,22.199999999999999,0.025399999999999999,39.600000000000001,0.022902800000000001,120.71599999999999,G105
1229,400,22.199999999999999,0.025399999999999999,39.600000000000001,0.022902800000000001,123.416,G105
1230,500,22.199999999999999,0.025399999999999999,39.600000000000001,0.022902800000000001,129.77600000000001,G105
1231,630,22.199999999999999,0.025399999999999999,39.600000000000001,0.022902800000000001,137.02600000000001,G105
1232,800,22.199999999999999,0.025399999999999999,39.600000000000001,0.022902800000000001,137.07599999999999,G105
1233,1000,22.199999999999999,0.025399999999999999,39.600000000000001,0.022902800000000001,128.416,G105
1234,1250,22.199999999999999,0.025399999999999999,39.600000000000001,0.022902800000000001,126.446,G105
1235,1600,22.199999999999999,0.025399999999999999,39.600000000000001,0.022902800000000001,122.21599999999999,G105
1236,2000,22.199999999999999,0.025399999999999999,39.600000000000001,0.022902800000000001,121.256,G105
1237,2500,22.199999999999999,0.025399999999999999,39.600000000000001,0.022902800000000001,121.306,G105
1238,3150,22.199999999999999,0.025399999999999999,39.600000000000001,0.022902800000000001,120.85599999999999,G105
1239,4000,22.199999999999999,0.025399999999999999,39.600000000000001,0.022902800000000001,119.646,G105
1240,5000,22.199999999999999,0.025399999999999999,39.600000000000001,0.022902800000000001,118.816,G105
1241,630,0,0.1016,71.299999999999997,0.00121072,124.155,G012
1242,800,0,0.1016,71.299999999999997,0.00121072,126.80500000000001,G012
1243,1000,0,0.1016,71.299999999999997,0.00121072,128.82499999999999,G012
1244,1250,0,0.1016,71.299999999999997,0.00121072,130.33500000000001,G012
1245,1600,0,0.1016,71.299999999999997,0.00121072,131.72499999999999,G012
1246,2000,0,0.1016,71.299999999999997,0.00121072,132.095,G012
1247,2500,0,0.1016,71.299999999999997,0.00121072,132.595,G012
1248,3150,0,0.1016,71.299999999999997,0.00121072,131.95500000000001,G012
1249,4000,0,0.1016,71.299999999999997,0.00121072,130.935,G012
1250,5000,0,0.1016,71.299999999999997,0.00121072,130.79499999999999,G012
1251,6300,0,0.1016,71.299999999999997,0.00121072,129.39500000000001,G012
1252,8000,0,0.1016,71.299999999999997,0.00121072,125.465,G012
1253,10000,0,0.1016,71.299999999999997,0.00121072,123.30500000000001,G012
1254,12500,0,0.1016,71.299999999999997,0.00121072,119.375,G012
1255,630,0,0.1016,55.5,0.0013198299999999999,126.17,G011
1256,800,0,0.1016,55.5,0.0013198299999999999,127.92,G011
1257,1000,0,0.1016,55.5,0.0013198299999999999,129.80000000000001,G011
1258,1250,0,0.1016,55.5,0.0013198299999999999,131.43000000000001,G011
1259,1600,0,0.1016,55.5,0.0013198299999999999,132.05000000000001,G011
1260,2000,0,0.1016,55.5,0.0013198299999999999,132.53999999999999,G011
1261,2500,0,0.1016,55.5,0.0013198299999999999,133.03999999999999,G011
1262,3150,0,0.1016,55.5,0.0013198299999999999,131.78,G011
1263,4000,0,0.1016,55.5,0.0013198299999999999,129.5,G011
1264,5000,0,0.1016,55.5,0.0013198299999999999,128.36000000000001,G011
1265,6300,0,0.1016,55.5,0.0013198299999999999,127.73,G011
1266,8000,0,0.1016,55.5,0.0013198299999999999,124.45,G011
1267,10000,0,0.1016,55.5,0.0013198299999999999,121.93000000000001,G011
1268,12500,0,0.1016,55.5,0.0013198299999999999,119.91,G011
1269,630,0,0.1016,39.600000000000001,0.0014633199999999999,125.401,G010
1270,800,0,0.1016,39.600000000000001,0.0014633199999999999,128.40100000000001,G010
1271,1000,0,0.1016,39.600000000000001,0.0014633199999999999,130.78100000000001,G010
1272,1250,0,0.1016,39.600000000000001,0.0014633199999999999,132.27099999999999,G010
1273,1600,0,0.1016,39.600000000000001,0.0014633199999999999,133.261,G010
1274,2000,0,0.1016,39.600000000000001,0.0014633199999999999,133.251,G010
1275,2500,0,0.1016,39.600000000000001,0.0014633199999999999,132.61099999999999,G010
1276,3150,0,0.1016,39.600000000000001,0.0014633199999999999,130.96100000000001,G010
1277,4000,0,0.1016,39.600000000000001,0.0014633199999999999,127.801,G010
1278,5000,0,0.1016,39.600000000000001,0.0014633199999999999,126.021,G010
1279,6300,0,0.1016,39.600000000000001,0.0014633199999999999,125.631,G010
1280,8000,0,0.1016,39.600000000000001,0.0014633199999999999,122.34099999999999,G010
1281,10000,0,0.1016,39.600000000000001,0.0014633199999999999,119.56100000000001,G010
1282,630,0,0.1016,31.699999999999999,0.00150092,126.413,G009
1283,800,0,0.1016,31.699999999999999,0.00150092,129.053,G009
1284,1000,0,0.1016,31.699999999999999,0.00150092,131.31299999999999,G009
1285,1250,0,0.1016,31.699999999999999,0.00150092,133.06299999999999,G009
1286,1600,0,0.1016,31.699999999999999,0.00150092,133.553,G009
1287,2000,0,0.1016,31.699999999999999,0.00150092,133.15299999999999,G009
1288,2500,0,0.1016,31.699999999999999,0.00150092,132.00299999999999,G009
1289,3150,0,0.1016,31.699999999999999,0.00150092,129.97300000000001,G009
1290,4000,0,0.1016,31.699999999999999,0.00150092,126.93300000000001,G009
1291,5000,0,0.1016,31.699999999999999,0.00150092,124.393,G009
1292,6300,0,0.1016,31.699999999999999,0.00150092,124.253,G009
1293,8000,0,0.1016,31.699999999999999,0.00150092,120.193,G009
1294,10000,0,0.1016,31.699999999999999,0.00150092,115.893,G009
1295,800,3.2999999999999998,0.1016,71.299999999999997,0.0020282199999999998,131.07400000000001,G040
1296,1000,3.2999999999999998,0.1016,71.299999999999997,0.0020282199999999998,131.434,G040
1297,1250,3.2999999999999998,0.1016,71.299999999999997,0.0020282199999999998,132.304,G040
1298,1600,3.2999999999999998,0.1016,71.299999999999997,0.0020282199999999998,133.66399999999999,G040
1299,2000,3.2999999999999998,0.1016,71.299999999999997,0.0020282199999999998,134.03399999999999,G040
1300,2500,3.2999999999999998,0.1016,71.299999999999997,0.0020282199999999998,133.89400000000001,G040
1301,3150,3.2999999999999998,0.1016,71.299999999999997,0.0020282199999999998,132.114,G040
1302,4000,3.2999999999999998,0.1016,71.299999999999997,0.0020282199999999998,128.70400000000001,G040
1303,5000,3.2999999999999998,0.1016,71.299999999999997,0.0020282199999999998,127.054,G040
1304,6300,3.2999999999999998,0.1016,71.299999999999997,0.0020282199999999998,124.904,G040
1305,8000,3.2999999999999998,0.1016,71.299999999999997,0.0020282199999999998,121.23399999999999,G040
1306,10000,3.2999999999999998,0.1016,71.299999999999997,0.0020282199999999998,116.694,G040
1307,630,3.2999999999999998,0.1016,55.5,0.0022109999999999999,126.599,G039
1308,800,3.2999999999999998,0.1016,55.5,0.0022109999999999999,129.119,G039
1309,1000,3.2999999999999998,0.1016,55.5,0.0022109999999999999,131.12899999999999,G039
1310,1250,3.2999999999999998,0.1016,55.5,0.0022109999999999999,132.76900000000001,G039
1311,1600,3.2999999999999998,0.1016,55.5,0.0022109999999999999,133.649,G039
1312,2000,3.2999999999999998,0.1016,55.5,0.0022109999999999999,133.649,G039
1313,2500,3.2999999999999998,0.1016,55.5,0.0022109999999999999,132.88900000000001,G039
1314,3150,3.2999999999999998,0.1016,55.5,0.0022109999999999999,130.62899999999999,G039
1315,4000,3.2999999999999998,0.1016,55.5,0.0022109999999999999,127.229,G039
1316,5000,3.2999999999999998,0.1016,55.5,0.0022109999999999999,124.839,G039
1317,6300,3.2999999999999998,0.1016,55.5,0.0022109999999999999,123.839,G039
1318,8000,3.2999999999999998,0.1016,55.5,0.0022109999999999999,120.569,G039
1319,10000,3.2999999999999998,0.1016,55.5,0.0022109999999999999,115.65900000000001,G039
1320,630,3.2999999999999998,0.1016,39.600000000000001,0.00245138,127.251,G038
1321,800,3.2999999999999998,0.1016,39.600000000000001,0.00245138,129.99100000000001,G038
1322,1000,3.2999999999999998,0.1016,39.600000000000001,0.00245138,131.971,G038
1323,1250,3.2999999999999998,0.1016,39.600000000000001,0.00245138,133.21100000000001,G038
1324,1600,3.2999999999999998,0.1016,39.600000000000001,0.00245138,133.071,G038
1325,2000,3.2999999999999998,0.1016,39.600000000000001,0.00245138,132.30099999999999,G038
1326,2500,3.2999999999999998,0.1016,39.600000000000001,0.00245138,130.791,G038
1327,3150,3.2999999999999998,0.1016,39.600000000000001,0.00245138,128.40100000000001,G038
1328,4000,3.2999999999999998,0.1016,39.600000000000001,0.00245138,124.881,G038
1329,5000,3.2999999999999998,0.1016,39.600000000000001,0.00245138,122.371,G038
1330,6300,3.2999999999999998,0.1016,39.600000000000001,0.00245138,120.851,G038
1331,8000,3.2999999999999998,0.1016,39.600000000000001,0.00245138,118.09099999999999,G038
1332,10000,3.2999999999999998,0.1016,39.600000000000001,0.00245138,115.321,G038
1333,630,3.2999999999999998,0.1016,31.699999999999999,0.0025143499999999998,128.952,G037
1334,800,3.2999999999999998,0.1016,31.699999999999999,0.0025143499999999998,131.36199999999999,G037
1335,1000,3.2999999999999998,0.1016,31.699999999999999,0.0025143499999999998,133.012,G037
1336,1250,3.2999999999999998,0.1016,31.699999999999999,0.0025143499999999998,134.02199999999999,G037
1337,1600,3.2999999999999998,0.1016,31.699999999999999,0.0025143499999999998,133.40199999999999,G037
1338,2000,3.2999999999999998,0.1016,31.699999999999999,0.0025143499999999998,131.642,G037
1339,2500,3.2999999999999998,0.1016,31.699999999999999,0.0025143499999999998,130.392,G037
1340,3150,3.2999999999999998,0.1016,31.699999999999999,0.0025143499999999998,128.25200000000001,G037
1341,4000,3.2999999999999998,0.1016,31.699999999999999,0.0025143499999999998,124.852,G037
1342,5000,3.2999999999999998,0.1016,31.699999999999999,0.0025143499999999998,122.08199999999999,G037
1343,6300,3.2999999999999998,0.1016,31.699999999999999,0.0025143499999999998,120.702,G037
1344,8000,3.2999999999999998,0.1016,31.699999999999999,0.0025143499999999998,117.432,G037
1345,630,6.7000000000000002,0.1016,71.299999999999997,0.0047828799999999998,131.44800000000001,G062
1346,800,6.7000000000000002,0.1016,71.299999999999997,0.0047828799999999998,134.47800000000001,G062
1347,1000,6.7000000000000002,0.1016,71.299999999999997,0.0047828799999999998,136.75800000000001,G062
1348,1250,6.7000000000000002,0.1016,71.299999999999997,0.0047828799999999998,137.65799999999999,G062
1349,1600,6.7000000000000002,0.1016,71.299999999999997,0.0047828799999999998,136.678,G062
1350,2000,6.7000000000000002,0.1016,71.299999999999997,0.0047828799999999998,134.56800000000001,G062
1351,2500,6.7000000000000002,0.1016,71.299999999999997,0.0047828799999999998,131.458,G062
1352,3150,6.7000000000000002,0.1016,71.299999999999997,0.0047828799999999998,124.458,G062
1353,500,6.7000000000000002,0.1016,55.5,0.0052138999999999996,129.34299999999999,G061
1354,630,6.7000000000000002,0.1016,55.5,0.0052138999999999996,133.023,G061
1355,800,6.7000000000000002,0.1016,55.5,0.0052138999999999996,135.953,G061
1356,1000,6.7000000000000002,0.1016,55.5,0.0052138999999999996,137.233,G061
1357,1250,6.7000000000000002,0.1016,55.5,0.0052138999999999996,136.88300000000001,G061
1358,1600,6.7000000000000002,0.1016,55.5,0.0052138999999999996,133.65299999999999,G061
1359,2000,6.7000000000000002,0.1016,55.5,0.0052138999999999996,129.65299999999999,G061
1360,2500,6.7000000000000002,0.1016,55.5,0.0052138999999999996,124.273,G061
1361,400,6.7000000000000002,0.1016,39.600000000000001,0.0057807600000000002,128.29499999999999,G060
1362,500,6.7000000000000002,0.1016,39.600000000000001,0.0057807600000000002,130.95500000000001,G060
1363,630,6.7000000000000002,0.1016,39.600000000000001,0.0057807600000000002,133.35499999999999,G060
1364,800,6.7000000000000002,0.1016,39.600000000000001,0.0057807600000000002,134.625,G060
1365,1000,6.7000000000000002,0.1016,39.600000000000001,0.0057807600000000002,134.51499999999999,G060
1366,1250,6.7000000000000002,0.1016,39.600000000000001,0.0057807600000000002,132.39500000000001,G060
1367,1600,6.7000000000000002,0.1016,39.600000000000001,0.0057807600000000002,127.375,G060
1368,2000,6.7000000000000002,0.1016,39.600000000000001,0.0057807600000000002,122.235,G060
1369,315,6.7000000000000002,0.1016,31.699999999999999,0.0059292700000000004,126.26600000000001,G059
1370,400,6.7000000000000002,0.1016,31.699999999999999,0.0059292700000000004,128.29599999999999,G059
1371,500,6.7000000000000002,0.1016,31.699999999999999,0.0059292700000000004,130.20599999999999,G059
1372,630,6.7000000000000002,0.1016,31.699999999999999,0.0059292700000000004,132.11600000000001,G059
1373,800,6.7000000000000002,0.1016,31.699999999999999,0.0059292700000000004,132.886,G059
1374,1000,6.7000000000000002,0.1016,31.699999999999999,0.0059292700000000004,131.636,G059
1375,1250,6.7000000000000002,0.1016,31.699999999999999,0.0059292700000000004,129.256,G059
1376,1600,6.7000000000000002,0.1016,31.699999999999999,0.0059292700000000004,124.346,G059
1377,2000,6.7000000000000002,0.1016,31.699999999999999,0.0059292700000000004,120.446,G059
1378,200,8.9000000000000004,0.1016,71.299999999999997,0.0103088,133.50299999999999,G074
1379,250,8.9000000000000004,0.1016,71.299999999999997,0.0103088,134.53299999999999,G074
1380,315,8.9000000000000004,0.1016,71.299999999999997,0.0103088,136.583,G074
1381,400,8.9000000000000004,0.1016,71.299999999999997,0.0103088,138.12299999999999,G074
1382,500,8.9000000000000004,0.1016,71.299999999999997,0.0103088,138.523,G074
1383,630,8.9000000000000004,0.1016,71.299999999999997,0.0103088,138.423,G074
1384,800,8.9000000000000004,0.1016,71.299999999999997,0.0103088,137.81299999999999,G074
1385,1000,8.9000000000000004,0.1016,71.299999999999997,0.0103088,135.43299999999999,G074
1386,1250,8.9000000000000004,0.1016,71.299999999999997,0.0103088,132.79300000000001,G074
1387,1600,8.9000000000000004,0.1016,71.299999999999997,0.0103088,128.76300000000001,G074
1388,2000,8.9000000000000004,0.1016,71.299999999999997,0.0103088,124.233,G074
1389,2500,8.9000000000000004,0.1016,71.299999999999997,0.0103088,123.623,G074
1390,3150,8.9000000000000004,0.1016,71.299999999999997,0.0103088,123.26300000000001,G074
1391,4000,8.9000000000000004,0.1016,71.299999999999997,0.0103088,120.24299999999999,G074
1392,5000,8.9000000000000004,0.1016,71.299999999999997,0.0103088,116.723,G074
1393,6300,8.9000000000000004,0.1016,71.299999999999997,0.0103088,117.253,G074
1394,200,8.9000000000000004,0.1016,39.600000000000001,0.012459599999999999,133.41999999999999,G073
1395,250,8.9000000000000004,0.1016,39.600000000000001,0.012459599999999999,134.34,G073
1396,315,8.9000000000000004,0.1016,39.600000000000001,0.012459599999999999,135.38,G073
1397,400,8.9000000000000004,0.1016,39.600000000000001,0.012459599999999999,135.53999999999999,G073
1398,500,8.9000000000000004,0.1016,39.600000000000001,0.012459599999999999,133.78999999999999,G073
1399,630,8.9000000000000004,0.1016,39.600000000000001,0.012459599999999999,131.91999999999999,G073
1400,800,8.9000000000000004,0.1016,39.600000000000001,0.012459599999999999,130.94,G073
1401,1000,8.9000000000000004,0.1016,39.600000000000001,0.012459599999999999,129.58000000000001,G073
1402,1250,8.9000000000000004,0.1016,39.600000000000001,0.012459599999999999,127.70999999999999,G073
1403,1600,8.9000000000000004,0.1016,39.600000000000001,0.012459599999999999,123.81999999999999,G073
1404,2000,8.9000000000000004,0.1016,39.600000000000001,0.012459599999999999,119.04000000000001,G073
1405,2500,8.9000000000000004,0.1016,39.600000000000001,0.012459599999999999,119.19,G073
1406,3150,8.9000000000000004,0.1016,39.600000000000001,0.012459599999999999,119.34999999999999,G073
1407,4000,8.9000000000000004,0.1016,39.600000000000001,0.012459599999999999,116.22,G073
1408,5000,8.9000000000000004,0.1016,39.600000000000001,0.012459599999999999,113.08,G073
1409,6300,8.9000000000000004,0.1016,39.600000000000001,0.012459599999999999,113.11,G073
1410,200,12.300000000000001,0.1016,71.299999999999997,0.033779200000000002,130.58799999999999,G088
1411,250,12.300000000000001,0.1016,71.299999999999997,0.033779200000000002,131.56800000000001,G088
1412,315,12.300000000000001,0.1016,71.299999999999997,0.033779200000000002,137.06800000000001,G088
1413,400,12.300000000000001,0.1016,71.299999999999997,0.033779200000000002,139.428,G088
1414,500,12.300000000000001,0.1016,71.299999999999997,0.033779200000000002,140.15799999999999,G088
1415,630,12.300000000000001,0.1016,71.299999999999997,0.033779200000000002,135.36799999999999,G088
1416,800,12.300000000000001,0.1016,71.299999999999997,0.033779200000000002,127.318,G088
1417,1000,12.300000000000001,0.1016,71.299999999999997,0.033779200000000002,127.928,G088
1418,1250,12.300000000000001,0.1016,71.299999999999997,0.033779200000000002,126.648,G088
1419,1600,12.300000000000001,0.1016,71.299999999999997,0.033779200000000002,124.748,G088
1420,2000,12.300000000000001,0.1016,71.299999999999997,0.033779200000000002,122.218,G088
1421,2500,12.300000000000001,0.1016,71.299999999999997,0.033779200000000002,121.318,G088
1422,3150,12.300000000000001,0.1016,71.299999999999997,0.033779200000000002,120.798,G088
1423,4000,12.300000000000001,0.1016,71.299999999999997,0.033779200000000002,118.018,G088
1424,5000,12.300000000000001,0.1016,71.299999999999997,0.033779200000000002,116.108,G088
1425,6300,12.300000000000001,0.1016,71.299999999999997,0.033779200000000002,113.958,G088
1426,200,12.300000000000001,0.1016,55.5,0.036823300000000003,132.304,G087
1427,250,12.300000000000001,0.1016,55.5,0.036823300000000003,133.29400000000001,G087
1428,315,12.300000000000001,0.1016,55.5,0.036823300000000003,135.67400000000001,G087
1429,400,12.300000000000001,0.1016,55.5,0.036823300000000003,136.41399999999999,G087
1430,500,12.300000000000001,0.1016,55.5,0.036823300000000003,133.774,G087
1431,630,12.300000000000001,0.1016,55.5,0.036823300000000003,124.244,G087
1432,800,12.300000000000001,0.1016,55.5,0.036823300000000003,125.114,G087
1433,1000,12.300000000000001,0.1016,55.5,0.036823300000000003,125.48399999999999,G087
1434,1250,12.300000000000001,0.1016,55.5,0.036823300000000003,124.214,G087
1435,1600,12.300000000000001,0.1016,55.5,0.036823300000000003,121.824,G087
1436,2000,12.300000000000001,0.1016,55.5,0.036823300000000003,118.56399999999999,G087
1437,2500,12.300000000000001,0.1016,55.5,0.036823300000000003,117.054,G087
1438,3150,12.300000000000001,0.1016,55.5,0.036823300000000003,116.914,G087
1439,4000,12.300000000000001,0.1016,55.5,0.036823300000000003,114.404,G087
1440,5000,12.300000000000001,0.1016,55.5,0.036823300000000003,112.014,G087
1441,6300,12.300000000000001,0.1016,55.5,0.036823300000000003,110.124,G087
1442,200,12.300000000000001,0.1016,39.600000000000001,0.040826800000000003,128.54499999999999,G086
1443,250,12.300000000000001,0.1016,39.600000000000001,0.040826800000000003,129.67500000000001,G086
1444,315,12.300000000000001,0.1016,39.600000000000001,0.040826800000000003,129.41499999999999,G086
1445,400,12.300000000000001,0.1016,39.600000000000001,0.040826800000000003,128.26499999999999,G086
1446,500,12.300000000000001,0.1016,39.600000000000001,0.040826800000000003,122.205,G086
1447,630,12.300000000000001,0.1016,39.600000000000001,0.040826800000000003,121.315,G086
1448,800,12.300000000000001,0.1016,39.600000000000001,0.040826800000000003,122.315,G086
1449,1000,12.300000000000001,0.1016,39.600000000000001,0.040826800000000003,122.435,G086
1450,1250,12.300000000000001,0.1016,39.600000000000001,0.040826800000000003,121.16500000000001,G086
1451,1600,12.300000000000001,0.1016,39.600000000000001,0.040826800000000003,117.875,G086
1452,2000,12.300000000000001,0.1016,39.600000000000001,0.040826800000000003,114.08499999999999,G086
1453,2500,12.300000000000001,0.1016,39.600000000000001,0.040826800000000003,113.315,G086
1454,3150,12.300000000000001,0.1016,39.600000000000001,0.040826800000000003,113.05500000000001,G086
1455,4000,12.300000000000001,0.1016,39.600000000000001,0.040826800000000003,110.905,G086
1456,5000,12.300000000000001,0.1016,39.600000000000001,0.040826800000000003,108.625,G086
1457,6300,12.300000000000001,0.1016,39.600000000000001,0.040826800000000003,107.985,G086
1458,200,12.300000000000001,0.1016,31.699999999999999,0.041875599999999999,124.98699999999999,G085
1459,250,12.300000000000001,0.1016,31.699999999999999,0.041875599999999999,125.857,G085
1460,315,12.300000000000001,0.1016,31.699999999999999,0.041875599999999999,124.717,G085
1461,400,12.300000000000001,0.1016,31.699999999999999,0.041875599999999999,123.20699999999999,G085
1462,500,12.300000000000001,0.1016,31.699999999999999,0.041875599999999999,118.667,G085
1463,630,12.300000000000001,0.1016,31.699999999999999,0.041875599999999999,119.28700000000001,G085
1464,800,12.300000000000001,0.1016,31.699999999999999,0.041875599999999999,120.03700000000001,G085
1465,1000,12.300000000000001,0.1016,31.699999999999999,0.041875599999999999,119.777,G085
1466,1250,12.300000000000001,0.1016,31.699999999999999,0.041875599999999999,118.767,G085
1467,1600,12.300000000000001,0.1016,31.699999999999999,0.041875599999999999,114.477,G085
1468,2000,12.300000000000001,0.1016,31.699999999999999,0.041875599999999999,110.447,G085
1469,2500,12.300000000000001,0.1016,31.699999999999999,0.041875599999999999,110.31699999999999,G085
1470,3150,12.300000000000001,0.1016,31.699999999999999,0.041875599999999999,110.307,G085
1471,4000,12.300000000000001,0.1016,31.699999999999999,0.041875599999999999,108.407,G085
1472,5000,12.300000000000001,0.1016,31.699999999999999,0.041875599999999999,107.14700000000001,G085
1473,6300,12.300000000000001,0.1016,31.699999999999999,0.041875599999999999,107.267,G085
1474,200,15.6,0.1016,71.299999999999997,0.043725899999999998,130.898,G098
1475,250,15.6,0.1016,71.299999999999997,0.043725899999999998,132.15799999999999,G098
1476,315,15.6,0.1016,71.299999999999997,0.043725899999999998,133.80799999999999,G098
1477,400,15.6,0.1016,71.299999999999997,0.043725899999999998,134.05799999999999,G098
1478,500,15.6,0.1016,71.299999999999997,0.043725899999999998,130.63800000000001,G098
1479,630,15.6,0.1016,71.299999999999997,0.043725899999999998,122.288,G098
1480,800,15.6,0.1016,71.299999999999997,0.043725899999999998,124.188,G098
1481,1000,15.6,0.1016,71.299999999999997,0.043725899999999998,124.438,G098
1482,1250,15.6,0.1016,71.299999999999997,0.043725899999999998,123.178,G098
1483,1600,15.6,0.1016,71.299999999999997,0.043725899999999998,121.52800000000001,G098
1484,2000,15.6,0.1016,71.299999999999997,0.043725899999999998,119.88800000000001,G098
1485,2500,15.6,0.1016,71.299999999999997,0.043725899999999998,118.998,G098
1486,3150,15.6,0.1016,71.299999999999997,0.043725899999999998,116.468,G098
1487,4000,15.6,0.1016,71.299999999999997,0.043725899999999998,113.298,G098
1488,200,15.6,0.1016,39.600000000000001,0.052848699999999998,123.514,G097
1489,250,15.6,0.1016,39.600000000000001,0.052848699999999998,124.64400000000001,G097
1490,315,15.6,0.1016,39.600000000000001,0.052848699999999998,122.754,G097
1491,400,15.6,0.1016,39.600000000000001,0.052848699999999998,120.48399999999999,G097
1492,500,15.6,0.1016,39.600000000000001,0.052848699999999998,115.304,G097
1493,630,15.6,0.1016,39.600000000000001,0.052848699999999998,118.084,G097
1494,800,15.6,0.1016,39.600000000000001,0.052848699999999998,118.964,G097
1495,1000,15.6,0.1016,39.600000000000001,0.052848699999999998,119.224,G097
1496,1250,15.6,0.1016,39.600000000000001,0.052848699999999998,118.214,G097
1497,1600,15.6,0.1016,39.600000000000001,0.052848699999999998,114.554,G097
1498,2000,15.6,0.1016,39.600000000000001,0.052848699999999998,110.89400000000001,G097
1499,2500,15.6,0.1016,39.600000000000001,0.052848699999999998,110.264,G097
1500,3150,15.6,0.1016,39.600000000000001,0.052848699999999998,109.254,G097
1501,4000,15.6,0.1016,39.600000000000001,0.052848699999999998,106.604,G097
1502,5000,15.6,0.1016,39.600000000000001,0.052848699999999998,106.224,G097
1503,6300,15.6,0.1016,39.600000000000001,0.052848699999999998,104.20399999999999,G097
